temporada_atual,rodada_atual,id_piloto_atual,posicao_quali_atual,q1_atual,q2_atual,q3_atual,target,id_circuito_atual,id_equipe_atual,grid_anterior,posicao_ultima_corrida,status,pontos_anterior_individual,posicao_equipe_anterior,pontos_equipe_anterior,vitorias_equipe_anterior,dif_para_pole_atual,pontos_anterior,posicao_camp_anterior,num_vitorias_anterior,media_ultimas_3_anterior,media_ultimas_5_anterior,qtde_abandonos_anterior,media_posicao_ganha_anterior,tendencia_desempenho,temp_ar_media,temp_pista_media,umidade_media,corrida_molhada,perc_voltas_chuva
2019,1,albon,13,82757.0,82636.0,,14,albert_park,toro_rosso,,,,,,,,,,,,,,,,,23.48,41.31,70.45,0,0.0
2019,1,bottas,2,82367.0,81193.0,80598.0,1,albert_park,mercedes,,,,,,,,112.0,,,,,,,,,23.48,41.31,70.45,0,0.0
2019,1,gasly,17,83020.0,,,11,albert_park,red_bull,,,,,,,,,,,,,,,,,23.48,41.31,70.45,0,0.0
2019,1,giovinazzi,14,82431.0,82714.0,,15,albert_park,alfa,,,,,,,,,,,,,,,,,23.48,41.31,70.45,0,0.0
2019,1,grosjean,6,82959.0,81870.0,81826.0,18,albert_park,haas,,,,,,,,1340.0,,,,,,,,,23.48,41.31,70.45,0,0.0
2019,1,hamilton,1,82043.0,81014.0,80486.0,2,albert_park,mercedes,,,,,,,,0.0,,,,,,,,,23.48,41.31,70.45,0,0.0
2019,1,hulkenberg,11,82540.0,82562.0,,7,albert_park,renault,,,,,,,,,,,,,,,,,23.48,41.31,70.45,0,0.0
2019,1,kevin_magnussen,7,82519.0,82221.0,82099.0,6,albert_park,haas,,,,,,,,1613.0,,,,,,,,,23.48,41.31,70.45,0,0.0
2019,1,kubica,20,86067.0,,,17,albert_park,williams,,,,,,,,,,,,,,,,,23.48,41.31,70.45,0,0.0
2019,1,kvyat,15,82511.0,82774.0,,10,albert_park,toro_rosso,,,,,,,,,,,,,,,,,23.48,41.31,70.45,0,0.0
2019,1,leclerc,5,82017.0,81739.0,81442.0,5,albert_park,ferrari,,,,,,,,956.0,,,,,,,,,23.48,41.31,70.45,0,0.0
2019,1,max_verstappen,4,82876.0,81678.0,81320.0,3,albert_park,red_bull,,,,,,,,834.0,,,,,,,,,23.48,41.31,70.45,0,0.0
2019,1,norris,8,82702.0,82423.0,82304.0,12,albert_park,mclaren,,,,,,,,1818.0,,,,,,,,,23.48,41.31,70.45,0,0.0
2019,1,perez,10,82908.0,82532.0,82781.0,13,albert_park,racing_point,,,,,,,,2295.0,,,,,,,,,23.48,41.31,70.45,0,0.0
2019,1,raikkonen,9,82966.0,82349.0,82314.0,8,albert_park,alfa,,,,,,,,1828.0,,,,,,,,,23.48,41.31,70.45,0,0.0
2019,1,ricciardo,12,82921.0,82570.0,,19,albert_park,renault,,,,,,,,,,,,,,,,,23.48,41.31,70.45,0,0.0
2019,1,russell,19,84360.0,,,16,albert_park,williams,,,,,,,,,,,,,,,,,23.48,41.31,70.45,0,0.0
2019,1,sainz,18,83084.0,,,20,albert_park,mclaren,,,,,,,,,,,,,,,,,23.48,41.31,70.45,0,0.0
2019,1,stroll,16,83017.0,,,9,albert_park,racing_point,,,,,,,,,,,,,,,,,23.48,41.31,70.45,0,0.0
2019,1,vettel,3,82885.0,81912.0,81190.0,4,albert_park,ferrari,,,,,,,,704.0,,,,,,,,,23.48,41.31,70.45,0,0.0
2019,2,albon,12,89514.0,89513.0,,9,bahrain,toro_rosso,13,14,+1 Lap,0,8,1,0,,0,14.0,0,14.0,14.0,0.0,-1.0,0.0,26.21,28.61,53.37,0,0.0
2019,2,bottas,4,89498.0,88830.0,88256.0,2,bahrain,mercedes,2,1,Finished,26,1,44,1,390.0,26,1.0,1,1.0,1.0,0.0,1.0,0.0,26.21,28.61,53.37,0,0.0
2019,2,gasly,13,89900.0,89526.0,,8,bahrain,red_bull,17,11,+1 Lap,0,3,15,0,,0,11.0,0,11.0,11.0,0.0,6.0,0.0,26.21,28.61,53.37,0,0.0
2019,2,giovinazzi,16,90026.0,,,11,bahrain,alfa,14,15,+1 Lap,0,6,4,0,,0,15.0,0,15.0,15.0,0.0,-1.0,0.0,26.21,28.61,53.37,0,0.0
2019,2,grosjean,8,89688.0,89249.0,89015.0,20,bahrain,haas,6,18,Wheel,0,4,8,0,1149.0,0,,0,18.0,18.0,0.0,-12.0,0.0,26.21,28.61,53.37,0,0.0
2019,2,hamilton,3,89262.0,88578.0,88190.0,1,bahrain,mercedes,1,2,Finished,18,1,44,1,324.0,18,2.0,0,2.0,2.0,0.0,-1.0,0.0,26.21,28.61,53.37,0,0.0
2019,2,hulkenberg,17,90034.0,,,17,bahrain,renault,11,7,+1 Lap,6,5,6,0,,6,7.0,0,7.0,7.0,0.0,4.0,0.0,26.21,28.61,53.37,0,0.0
2019,2,kevin_magnussen,6,89532.0,89017.0,88757.0,13,bahrain,haas,7,6,Finished,8,4,8,0,891.0,8,6.0,0,6.0,6.0,0.0,1.0,0.0,26.21,28.61,53.37,0,0.0
2019,2,kubica,20,91799.0,,,16,bahrain,williams,20,17,+3 Laps,0,10,0,0,,0,17.0,0,17.0,17.0,0.0,3.0,0.0,26.21,28.61,53.37,0,0.0
2019,2,kvyat,15,89876.0,89854.0,,12,bahrain,toro_rosso,15,10,+1 Lap,1,8,1,0,,1,10.0,0,10.0,10.0,0.0,5.0,0.0,26.21,28.61,53.37,0,0.0
2019,2,leclerc,1,88495.0,88046.0,87866.0,3,bahrain,ferrari,5,5,Finished,10,2,22,0,0.0,10,5.0,0,5.0,5.0,0.0,0.0,0.0,26.21,28.61,53.37,0,0.0
2019,2,max_verstappen,5,89579.0,89109.0,88752.0,4,bahrain,red_bull,4,3,Finished,15,3,15,0,886.0,15,3.0,0,3.0,3.0,0.0,1.0,0.0,26.21,28.61,53.37,0,0.0
2019,2,norris,10,89381.0,89258.0,89043.0,6,bahrain,mclaren,8,12,+1 Lap,0,9,0,0,1177.0,0,12.0,0,12.0,12.0,0.0,-4.0,0.0,26.21,28.61,53.37,0,0.0
2019,2,perez,14,89893.0,89756.0,,10,bahrain,racing_point,10,13,+1 Lap,0,7,2,0,,0,13.0,0,13.0,13.0,0.0,-3.0,0.0,26.21,28.61,53.37,0,0.0
2019,2,raikkonen,9,89959.0,89471.0,89022.0,7,bahrain,alfa,9,8,+1 Lap,4,6,4,0,1156.0,4,8.0,0,8.0,8.0,0.0,1.0,0.0,26.21,28.61,53.37,0,0.0
2019,2,ricciardo,11,89859.0,89488.0,,18,bahrain,renault,12,19,Damage,0,5,6,0,,0,,0,19.0,19.0,0.0,-7.0,0.0,26.21,28.61,53.37,0,0.0
2019,2,russell,19,91759.0,,,15,bahrain,williams,19,16,+2 Laps,0,10,0,0,,0,16.0,0,16.0,16.0,0.0,3.0,0.0,26.21,28.61,53.37,0,0.0
2019,2,sainz,7,89528.0,89055.0,88813.0,19,bahrain,mclaren,18,20,Engine,0,9,0,0,947.0,0,,0,20.0,20.0,0.0,-2.0,0.0,26.21,28.61,53.37,0,0.0
2019,2,stroll,18,90217.0,,,14,bahrain,racing_point,16,9,+1 Lap,2,7,2,0,,2,9.0,0,9.0,9.0,0.0,7.0,0.0,26.21,28.61,53.37,0,0.0
2019,2,vettel,2,88733.0,88356.0,88160.0,5,bahrain,ferrari,3,4,Finished,12,2,22,0,294.0,12,4.0,0,4.0,4.0,0.0,-1.0,0.0,26.21,28.61,53.37,0,0.0
2019,3,albon,,,,,10,shanghai,toro_rosso,12,9,Finished,2,8,3,0,,2,12.0,0,11.5,11.5,0.0,1.0,0.0,19.33,27.34,45.98,0,0.0
2019,3,bottas,1,92658.0,91728.0,91547.0,2,shanghai,mercedes,4,2,Finished,18,1,87,2,0.0,44,1.0,1,1.5,1.5,0.0,1.5,0.0,19.33,27.34,45.98,0,0.0
2019,3,gasly,6,93863.0,92948.0,92930.0,6,shanghai,red_bull,13,8,Finished,4,3,31,0,1383.0,4,10.0,0,9.5,9.5,0.0,5.5,0.0,19.33,27.34,45.98,0,0.0
2019,3,giovinazzi,,,,,15,shanghai,alfa,16,11,Finished,0,4,10,0,,0,15.0,0,13.0,13.0,0.0,2.0,0.0,19.33,27.34,45.98,0,0.0
2019,3,grosjean,10,93752.0,93156.0,,11,shanghai,haas,11,20,Retired,0,6,8,0,,0,,0,19.0,19.0,1.0,-10.5,0.0,19.33,27.34,45.98,0,0.0
2019,3,hamilton,2,93115.0,91637.0,91570.0,1,shanghai,mercedes,3,1,Finished,25,1,87,2,23.0,43,2.0,1,1.5,1.5,0.0,0.5,0.0,19.33,27.34,45.98,0,0.0
2019,3,hulkenberg,8,93644.0,93968.0,92962.0,20,shanghai,renault,17,17,Engine,0,7,6,0,1415.0,6,9.0,0,12.0,12.0,0.0,2.0,0.0,19.33,27.34,45.98,0,0.0
2019,3,kevin_magnussen,9,94036.0,93150.0,,13,shanghai,haas,6,13,+1 Lap,0,6,8,0,,8,8.0,0,9.5,9.5,0.0,-3.0,0.0,19.33,27.34,45.98,0,0.0
2019,3,kubica,18,95281.0,,,17,shanghai,williams,20,16,+2 Laps,0,10,0,0,,0,17.0,0,16.5,16.5,0.0,3.5,0.0,19.33,27.34,45.98,0,0.0
2019,3,kvyat,11,93783.0,93236.0,,19,shanghai,toro_rosso,15,12,+1 Lap,0,8,3,0,,1,13.0,0,11.0,11.0,0.0,4.0,0.0,19.33,27.34,45.98,0,0.0
2019,3,leclerc,4,92712.0,92324.0,91865.0,5,shanghai,ferrari,1,3,Finished,16,2,48,0,318.0,26,4.0,0,4.0,4.0,0.0,-1.0,0.0,19.33,27.34,45.98,0,0.0
2019,3,max_verstappen,5,93274.0,92369.0,92089.0,4,shanghai,red_bull,5,4,Finished,12,3,31,0,542.0,27,3.0,0,3.5,3.5,0.0,1.0,0.0,19.33,27.34,45.98,0,0.0
2019,3,norris,15,94148.0,93967.0,,18,shanghai,mclaren,9,6,Finished,8,5,8,0,,8,7.0,0,9.0,9.0,0.0,-0.5,0.0,19.33,27.34,45.98,0,0.0
2019,3,perez,12,94026.0,93299.0,,8,shanghai,racing_point,14,10,Finished,1,9,3,0,,1,14.0,0,11.5,11.5,0.0,0.5,0.0,19.33,27.34,45.98,0,0.0
2019,3,raikkonen,13,94125.0,93419.0,,9,shanghai,alfa,8,7,Finished,6,4,10,0,,10,6.0,0,7.5,7.5,0.0,1.0,0.0,19.33,27.34,45.98,0,0.0
2019,3,ricciardo,7,93709.0,93214.0,92958.0,7,shanghai,renault,10,18,Out of fuel,0,7,6,0,1411.0,0,,0,18.5,18.5,0.0,-7.5,0.0,19.33,27.34,45.98,0,0.0
2019,3,russell,17,95253.0,,,16,shanghai,williams,19,15,+1 Lap,0,10,0,0,,0,16.0,0,15.5,15.5,0.0,3.5,0.0,19.33,27.34,45.98,0,0.0
2019,3,sainz,14,93686.0,93523.0,,14,shanghai,mclaren,7,19,Collision damage,0,5,8,0,,0,,0,19.5,19.5,0.0,-7.0,0.0,19.33,27.34,45.98,0,0.0
2019,3,stroll,16,94292.0,,,12,shanghai,racing_point,18,14,+1 Lap,0,9,3,0,,2,11.0,0,11.5,11.5,0.0,5.5,0.0,19.33,27.34,45.98,0,0.0
2019,3,vettel,3,93557.0,92232.0,91848.0,3,shanghai,ferrari,2,5,Finished,10,2,48,0,301.0,22,5.0,0,4.5,4.5,0.0,-2.0,0.0,19.33,27.34,45.98,0,0.0
2019,4,albon,12,102154.0,102494.0,,11,baku,toro_rosso,0,10,+1 Lap,1,9,4,0,,3,13.0,0,11.0,11.0,0.0,-2.67,0.0,19.76,39.65,51.41,0,0.0
2019,4,bottas,1,102026.0,101500.0,100495.0,1,baku,mercedes,1,2,Finished,18,1,130,3,0.0,62,2.0,1,1.67,1.67,0.0,0.67,0.0,19.76,39.65,51.41,0,0.0
2019,4,gasly,20,,,,17,baku,red_bull,6,6,Finished,9,3,52,0,,13,6.0,0,8.33,8.33,0.0,3.67,0.0,19.76,39.65,51.41,0,0.0
2019,4,giovinazzi,8,102140.0,102381.0,102424.0,12,baku,alfa,19,15,+1 Lap,0,5,12,0,1929.0,0,16.0,0,13.67,13.67,0.0,2.67,0.0,19.76,39.65,51.41,0,0.0
2019,4,grosjean,15,103407.0,,,18,baku,haas,10,11,+1 Lap,0,6,8,0,,0,17.0,0,16.33,16.33,1.0,-7.33,0.0,19.76,39.65,51.41,0,0.0
2019,4,hamilton,2,101614.0,101580.0,100554.0,2,baku,mercedes,2,1,Finished,25,1,130,3,59.0,68,1.0,2,1.33,1.33,0.0,0.67,0.0,19.76,39.65,51.41,0,0.0
2019,4,hulkenberg,16,103427.0,,,14,baku,renault,8,20,Power Unit,0,4,12,0,,6,10.0,0,14.67,14.67,0.0,-2.67,0.0,19.76,39.65,51.41,0,0.0
2019,4,kevin_magnussen,13,102382.0,102699.0,,13,baku,haas,9,13,+1 Lap,0,6,8,0,,8,9.0,0,10.67,10.67,0.0,-3.33,0.0,19.76,39.65,51.41,0,0.0
2019,4,kubica,18,105455.0,,,16,baku,williams,18,17,+2 Laps,0,10,0,0,,0,20.0,0,16.67,16.67,0.0,2.67,0.0,19.76,39.65,51.41,0,0.0
2019,4,kvyat,6,102324.0,102221.0,101681.0,19,baku,toro_rosso,11,19,Collision,0,9,4,0,1186.0,1,15.0,0,13.67,13.67,0.0,0.0,0.0,19.76,39.65,51.41,0,0.0
2019,4,leclerc,9,101426.0,101995.0,,5,baku,ferrari,4,5,Finished,10,2,73,0,,36,5.0,0,4.33,4.33,0.0,-1.0,0.0,19.76,39.65,51.41,0,0.0
2019,4,max_verstappen,4,101727.0,101388.0,101069.0,4,baku,red_bull,5,4,Finished,12,3,52,0,574.0,39,3.0,0,3.67,3.67,0.0,1.0,0.0,19.76,39.65,51.41,0,0.0
2019,4,norris,7,102371.0,102084.0,101886.0,8,baku,mclaren,15,18,Collision,0,7,8,0,1391.0,8,8.0,0,12.0,12.0,0.0,-1.33,0.0,19.76,39.65,51.41,0,0.0
2019,4,perez,5,102249.0,101870.0,101593.0,6,baku,racing_point,12,8,+1 Lap,4,8,7,0,1098.0,5,12.0,0,10.33,10.33,0.0,1.67,0.0,19.76,39.65,51.41,0,0.0
2019,4,raikkonen,19,,,,10,baku,alfa,13,9,+1 Lap,2,5,12,0,,12,7.0,0,8.0,8.0,0.0,2.0,0.0,19.76,39.65,51.41,0,0.0
2019,4,ricciardo,11,102486.0,102477.0,,20,baku,renault,7,7,+1 Lap,6,4,12,0,,6,11.0,0,14.67,14.67,0.0,-5.0,0.0,19.76,39.65,51.41,0,0.0
2019,4,russell,17,105062.0,,,15,baku,williams,17,16,+2 Laps,0,10,0,0,,0,19.0,0,15.67,15.67,0.0,2.67,0.0,19.76,39.65,51.41,0,0.0
2019,4,sainz,10,101936.0,102398.0,,7,baku,mclaren,14,14,+1 Lap,0,7,8,0,,0,18.0,0,17.67,17.67,0.0,-4.67,0.0,19.76,39.65,51.41,0,0.0
2019,4,stroll,14,102630.0,,,9,baku,racing_point,16,12,+1 Lap,0,8,7,0,,2,14.0,0,11.67,11.67,0.0,5.0,0.0,19.76,39.65,51.41,0,0.0
2019,4,vettel,3,102042.0,101889.0,100797.0,3,baku,ferrari,3,3,Finished,15,2,73,0,302.0,37,4.0,0,4.0,4.0,0.0,-1.33,0.0,19.76,39.65,51.41,0,0.0
2019,5,albon,12,77796.0,77445.0,,11,catalunya,toro_rosso,11,11,+1 Lap,0,9,4,0,,3,15.0,0,10.0,11.0,0.0,-2.33,-1.0,20.15,40.73,54.72,0,0.0
2019,5,bottas,1,76979.0,75924.0,75406.0,2,catalunya,mercedes,1,1,Finished,25,1,173,4,0.0,87,1.0,2,1.67,1.5,0.0,0.33,0.17,20.15,40.73,54.72,0,0.0
2019,5,gasly,6,77862.0,76932.0,76708.0,6,catalunya,red_bull,0,17,Transmission,0,3,64,0,1302.0,13,7.0,0,10.33,10.5,0.0,-4.0,-0.17,20.15,40.73,54.72,0,0.0
2019,5,giovinazzi,18,78664.0,,,16,catalunya,alfa,17,12,+1 Lap,0,6,13,0,,0,17.0,0,12.67,13.25,0.0,4.67,-0.58,20.15,40.73,54.72,0,0.0
2019,5,grosjean,7,78042.0,77066.0,76911.0,10,catalunya,haas,14,18,Brakes,0,8,8,0,1505.0,0,18.0,0,16.33,16.75,1.0,-4.67,-0.42,20.15,40.73,54.72,0,0.0
2019,5,hamilton,2,77292.0,76038.0,76040.0,1,catalunya,mercedes,2,2,Finished,18,1,173,4,634.0,86,2.0,2,1.33,1.5,0.0,1.0,-0.17,20.15,40.73,54.72,0,0.0
2019,5,hulkenberg,16,78404.0,,,13,catalunya,renault,15,14,+1 Lap,0,7,12,0,,6,11.0,0,17.0,14.5,0.0,-3.67,2.5,20.15,40.73,54.72,0,0.0
2019,5,kevin_magnussen,8,77669.0,77272.0,76922.0,7,catalunya,haas,12,13,+1 Lap,0,8,8,0,1516.0,8,10.0,0,13.0,11.25,0.0,-4.0,1.75,20.15,40.73,54.72,0,0.0
2019,5,kubica,20,80254.0,,,18,catalunya,williams,0,16,+2 Laps,0,10,0,0,,0,20.0,0,16.33,16.5,0.0,-3.67,-0.17,20.15,40.73,54.72,0,0.0
2019,5,kvyat,9,77914.0,77243.0,77573.0,9,catalunya,toro_rosso,6,19,Collision,0,9,4,0,2167.0,1,16.0,0,16.67,15.0,0.0,-6.0,1.67,20.15,40.73,54.72,0,0.0
2019,5,leclerc,5,77388.0,76714.0,76588.0,5,catalunya,ferrari,8,5,Finished,11,2,99,0,1182.0,47,5.0,0,4.33,4.5,0.0,0.0,-0.17,20.15,40.73,54.72,0,0.0
2019,5,max_verstappen,4,77244.0,76726.0,76357.0,3,catalunya,red_bull,4,4,Finished,12,3,64,0,951.0,51,4.0,0,4.0,3.75,0.0,0.67,0.25,20.15,40.73,54.72,0,0.0
2019,5,norris,11,77611.0,77338.0,,20,catalunya,mclaren,7,8,Finished,4,4,18,0,,12,9.0,0,10.67,11.0,0.0,-0.33,-0.33,20.15,40.73,54.72,0,0.0
2019,5,perez,15,78286.0,77886.0,,15,catalunya,racing_point,5,6,Finished,8,5,17,0,,13,6.0,0,8.0,9.25,0.0,2.33,-1.25,20.15,40.73,54.72,0,0.0
2019,5,raikkonen,14,78132.0,77788.0,,14,catalunya,alfa,0,10,+1 Lap,1,6,13,0,,13,8.0,0,8.67,8.5,0.0,-1.67,0.17,20.15,40.73,54.72,0,0.0
2019,5,ricciardo,10,78385.0,77299.0,78106.0,12,catalunya,renault,10,20,Collision,0,7,12,0,2700.0,6,13.0,0,15.0,16.0,0.0,-6.0,-1.0,20.15,40.73,54.72,0,0.0
2019,5,russell,19,79072.0,,,17,catalunya,williams,16,15,+2 Laps,0,10,0,0,,0,19.0,0,15.33,15.5,0.0,2.0,-0.17,20.15,40.73,54.72,0,0.0
2019,5,sainz,13,77760.0,77599.0,,8,catalunya,mclaren,9,7,Finished,6,4,18,0,,6,12.0,0,13.33,15.0,0.0,-3.33,-1.67,20.15,40.73,54.72,0,0.0
2019,5,stroll,17,78471.0,,,19,catalunya,racing_point,13,9,Finished,2,5,17,0,,4,14.0,0,11.67,11.0,0.0,4.0,0.67,20.15,40.73,54.72,0,0.0
2019,5,vettel,3,77425.0,76667.0,76272.0,4,catalunya,ferrari,3,3,Finished,15,2,99,0,866.0,52,3.0,0,3.67,3.75,0.0,-1.0,-0.08,20.15,40.73,54.72,0,0.0
2019,6,albon,10,72007.0,71429.0,71653.0,8,monaco,toro_rosso,11,11,Finished,0,9,6,0,1487.0,3,15.0,0,10.67,11.0,0.0,-3.33,-0.33,22.75,32.73,52.7,1,62.6
2019,6,bottas,2,71562.0,70701.0,70252.0,3,monaco,mercedes,1,2,Finished,18,1,217,5,86.0,105,2.0,2,1.67,1.6,0.0,-0.67,0.07,22.75,32.73,52.7,1,62.6
2019,6,gasly,5,71740.0,71457.0,71041.0,5,monaco,red_bull,6,6,Finished,8,3,87,0,875.0,21,6.0,0,9.67,9.6,0.0,-5.67,0.07,22.75,32.73,52.7,1,62.6
2019,6,giovinazzi,15,71976.0,72185.0,,19,monaco,alfa,18,16,Finished,0,7,13,0,,0,18.0,0,14.33,13.8,0.0,3.67,0.53,22.75,32.73,52.7,1,62.6
2019,6,grosjean,13,71837.0,72027.0,,10,monaco,haas,7,10,Finished,1,6,15,0,,1,17.0,0,13.0,15.4,1.0,-2.67,-2.4,22.75,32.73,52.7,1,62.6
2019,6,hamilton,1,71542.0,70835.0,70166.0,1,monaco,mercedes,2,1,Finished,26,1,217,5,0.0,112,1.0,3,1.33,1.4,0.0,0.67,-0.07,22.75,32.73,52.7,1,62.6
2019,6,hulkenberg,11,72097.0,71670.0,,13,monaco,renault,0,13,Finished,0,8,12,0,,6,13.0,0,15.67,14.2,0.0,-8.0,1.47,22.75,32.73,52.7,1,62.6
2019,6,kevin_magnussen,6,71865.0,71363.0,71109.0,14,monaco,haas,8,7,Finished,6,6,15,0,943.0,14,7.0,0,11.0,10.4,0.0,-1.33,0.6,22.75,32.73,52.7,1,62.6
2019,6,kubica,20,73751.0,,,18,monaco,williams,17,18,+1 Lap,0,10,0,0,,0,20.0,0,17.0,16.8,0.0,-5.33,0.2,22.75,32.73,52.7,1,62.6
2019,6,kvyat,8,71602.0,71412.0,71271.0,7,monaco,toro_rosso,9,9,Finished,2,9,6,0,1105.0,3,16.0,0,15.67,13.8,0.0,-7.0,1.87,22.75,32.73,52.7,1,62.6
2019,6,leclerc,16,72149.0,,,20,monaco,ferrari,5,5,Finished,10,2,121,0,,57,5.0,0,5.0,4.6,0.0,0.67,0.4,22.75,32.73,52.7,1,62.6
2019,6,max_verstappen,3,71597.0,70618.0,70641.0,4,monaco,red_bull,4,3,Finished,15,3,87,0,475.0,66,3.0,0,3.67,3.6,0.0,0.67,0.07,22.75,32.73,52.7,1,62.6
2019,6,norris,12,71845.0,71724.0,,11,monaco,mclaren,10,20,Collision,0,4,22,0,,12,10.0,0,15.33,12.8,0.0,-4.67,2.53,22.75,32.73,52.7,1,62.6
2019,6,perez,17,72233.0,,,12,monaco,racing_point,15,15,Finished,0,5,17,0,,13,8.0,0,9.67,10.4,0.0,1.0,-0.73,22.75,32.73,52.7,1,62.6
2019,6,raikkonen,14,71993.0,72115.0,,17,monaco,alfa,14,14,Finished,0,7,13,0,,13,9.0,0,11.0,9.6,0.0,-2.0,1.4,22.75,32.73,52.7,1,62.6
2019,6,ricciardo,7,71767.0,71543.0,71218.0,9,monaco,renault,13,12,Finished,0,8,12,0,1052.0,6,12.0,0,13.0,15.2,0.0,-3.0,-2.2,22.75,32.73,52.7,1,62.6
2019,6,russell,19,73477.0,,,15,monaco,williams,19,17,+1 Lap,0,10,0,0,,0,19.0,0,16.0,15.8,0.0,1.33,0.2,22.75,32.73,52.7,1,62.6
2019,6,sainz,9,71872.0,71608.0,71417.0,6,monaco,mclaren,12,8,Finished,4,4,22,0,1251.0,10,11.0,0,9.67,13.6,0.0,2.0,-3.93,22.75,32.73,52.7,1,62.6
2019,6,stroll,18,72846.0,,,16,monaco,racing_point,16,19,Collision,0,5,17,0,,4,14.0,0,13.33,12.6,0.0,1.67,0.73,22.75,32.73,52.7,1,62.6
2019,6,vettel,4,71434.0,71227.0,70947.0,2,monaco,ferrari,3,4,Finished,12,2,121,0,781.0,64,4.0,0,3.33,3.8,0.0,-0.33,-0.47,22.75,32.73,52.7,1,62.6
2019,7,albon,14,72020.0,72193.0,,19,villeneuve,toro_rosso,10,8,Finished,4,7,16,0,,7,14.0,0,10.0,9.8,0.0,0.67,0.2,29.37,51.1,16.15,0,0.0
2019,7,bottas,6,71229.0,71095.0,71101.0,4,villeneuve,mercedes,2,3,Finished,15,1,257,6,861.0,120,2.0,2,2.0,2.0,0.0,-0.67,0.0,29.37,51.1,16.15,0,0.0
2019,7,gasly,5,72023.0,71196.0,71079.0,8,villeneuve,red_bull,8,5,Finished,11,3,110,0,839.0,32,6.0,0,9.33,8.4,0.0,-4.67,0.93,29.37,51.1,16.15,0,0.0
2019,7,giovinazzi,13,72122.0,72136.0,,13,villeneuve,alfa,18,19,+2 Laps,0,9,13,0,,0,18.0,0,15.67,14.6,0.0,2.0,1.07,29.37,51.1,16.15,0,0.0
2019,7,grosjean,15,72109.0,,,14,villeneuve,haas,13,10,Finished,1,6,16,0,,2,17.0,0,12.67,13.8,1.0,-1.33,-1.13,29.37,51.1,16.15,0,0.0
2019,7,hamilton,2,71518.0,71010.0,70446.0,1,villeneuve,mercedes,1,1,Finished,25,1,257,6,206.0,137,1.0,4,1.33,1.2,0.0,0.33,0.13,29.37,51.1,16.15,0,0.0
2019,7,hulkenberg,7,71720.0,71553.0,71324.0,7,villeneuve,renault,11,13,+1 Lap,0,8,14,0,1084.0,6,15.0,0,13.33,15.4,0.0,-4.67,-2.07,29.37,51.1,16.15,0,0.0
2019,7,kevin_magnussen,10,72107.0,71786.0,,17,villeneuve,haas,5,14,+1 Lap,0,6,16,0,,14,8.0,0,11.33,12.0,0.0,-3.0,-0.67,29.37,51.1,16.15,0,0.0
2019,7,kubica,20,74393.0,,,18,villeneuve,williams,20,18,+1 Lap,0,10,0,0,,0,20.0,0,17.33,17.0,0.0,-5.0,0.33,29.37,51.1,16.15,0,0.0
2019,7,kvyat,12,71965.0,71921.0,,10,villeneuve,toro_rosso,7,7,Finished,6,7,16,0,,9,12.0,0,11.67,13.2,0.0,-4.33,-1.53,29.37,51.1,16.15,0,0.0
2019,7,leclerc,3,71214.0,71205.0,70920.0,3,villeneuve,ferrari,15,20,Collision,0,2,139,0,680.0,57,5.0,0,10.0,7.6,0.0,-0.67,2.4,29.37,51.1,16.15,0,0.0
2019,7,max_verstappen,11,71619.0,71800.0,,5,villeneuve,red_bull,3,4,Finished,12,3,110,0,,78,4.0,0,3.67,3.8,0.0,0.0,-0.13,29.37,51.1,16.15,0,0.0
2019,7,norris,8,71780.0,71735.0,71863.0,20,villeneuve,mclaren,12,11,Finished,0,4,30,0,1623.0,12,11.0,0,13.0,12.6,0.0,-3.33,0.4,29.37,51.1,16.15,0,0.0
2019,7,perez,16,72197.0,,,12,villeneuve,racing_point,16,12,+1 Lap,0,5,17,0,,13,9.0,0,11.0,10.2,0.0,1.0,0.8,29.37,51.1,16.15,0,0.0
2019,7,raikkonen,17,72230.0,,,15,villeneuve,alfa,14,17,+1 Lap,0,9,13,0,,13,10.0,0,13.67,11.4,0.0,-4.33,2.27,29.37,51.1,16.15,0,0.0
2019,7,ricciardo,4,71837.0,71532.0,71071.0,6,villeneuve,renault,6,9,Finished,2,8,14,0,831.0,8,13.0,0,13.67,13.2,0.0,-4.0,0.47,29.37,51.1,16.15,0,0.0
2019,7,russell,19,73617.0,,,16,villeneuve,williams,19,15,+1 Lap,0,10,0,0,,0,19.0,0,15.67,15.6,0.0,2.33,0.07,29.37,51.1,16.15,0,0.0
2019,7,sainz,9,71750.0,71572.0,73981.0,11,villeneuve,mclaren,9,6,Finished,8,4,30,0,3741.0,18,7.0,0,7.0,10.8,0.0,3.0,-3.8,29.37,51.1,16.15,0,0.0
2019,7,stroll,18,72266.0,,,9,villeneuve,racing_point,17,16,+1 Lap,0,5,17,0,,4,16.0,0,14.67,14.0,0.0,0.67,0.67,29.37,51.1,16.15,0,0.0
2019,7,vettel,1,71200.0,71142.0,70240.0,2,villeneuve,ferrari,4,2,Finished,18,2,139,0,0.0,82,3.0,0,3.0,3.4,0.0,0.33,-0.4,29.37,51.1,16.15,0,0.0
2019,8,albon,11,91445.0,90461.0,,15,ricard,toro_rosso,13,19,Collision damage,0,7,17,0,,7,15.0,0,12.67,11.8,0.0,-1.33,0.87,26.89,54.53,39.09,0,0.0
2019,8,bottas,2,90550.0,89437.0,88605.0,2,ricard,mercedes,6,4,Finished,13,1,295,7,286.0,133,2.0,2,3.0,2.4,0.0,0.0,0.6,26.89,54.53,39.09,0,0.0
2019,8,gasly,9,91152.0,90421.0,90184.0,10,ricard,red_bull,5,8,+1 Lap,4,3,124,0,1865.0,36,6.0,0,6.33,8.4,0.0,0.0,-2.07,26.89,54.53,39.09,0,0.0
2019,8,giovinazzi,10,91180.0,90408.0,93420.0,16,ricard,alfa,12,13,+1 Lap,0,9,13,0,5101.0,0,18.0,0,16.0,15.0,0.0,0.0,1.0,26.89,54.53,39.09,0,0.0
2019,8,grosjean,17,91626.0,,,20,ricard,haas,14,14,+1 Lap,0,8,16,0,,2,17.0,0,11.33,12.6,1.0,0.0,-1.27,26.89,54.53,39.09,0,0.0
2019,8,hamilton,1,90609.0,89520.0,88319.0,1,ricard,mercedes,2,1,Finished,25,1,295,7,0.0,162,1.0,5,1.0,1.2,0.0,0.67,-0.2,26.89,54.53,39.09,0,0.0
2019,8,hulkenberg,13,90865.0,90544.0,,8,ricard,renault,7,7,+1 Lap,6,5,28,0,,12,13.0,0,11.0,13.4,0.0,-5.0,-2.4,26.89,54.53,39.09,0,0.0
2019,8,kevin_magnussen,15,91166.0,91440.0,,17,ricard,haas,0,17,+2 Laps,0,8,16,0,,14,9.0,0,12.67,12.8,0.0,-8.33,-0.13,26.89,54.53,39.09,0,0.0
2019,8,kubica,20,93205.0,,,18,ricard,williams,19,18,+3 Laps,0,10,0,0,,0,20.0,0,18.0,17.4,0.0,0.67,0.6,26.89,54.53,39.09,0,0.0
2019,8,kvyat,16,91564.0,,,14,ricard,toro_rosso,10,10,+1 Lap,1,7,17,0,,10,14.0,0,8.67,12.8,0.0,0.0,-4.13,26.89,54.53,39.09,0,0.0
2019,8,leclerc,3,90647.0,89699.0,88965.0,3,ricard,ferrari,3,3,Finished,15,2,172,0,646.0,72,5.0,0,9.33,7.6,0.0,-1.67,1.73,26.89,54.53,39.09,0,0.0
2019,8,max_verstappen,4,91327.0,90099.0,89409.0,4,ricard,red_bull,9,5,Finished,10,3,124,0,1090.0,88,4.0,0,4.0,4.0,0.0,1.33,0.0,26.89,54.53,39.09,0,0.0
2019,8,norris,5,90989.0,90019.0,89418.0,9,ricard,mclaren,8,20,Suspension,0,4,30,0,1099.0,12,12.0,0,17.0,15.4,0.0,-7.0,1.6,26.89,54.53,39.09,0,0.0
2019,8,perez,14,90964.0,90738.0,,12,ricard,racing_point,15,12,+1 Lap,0,6,19,0,,13,10.0,0,13.0,10.6,0.0,2.33,2.4,26.89,54.53,39.09,0,0.0
2019,8,raikkonen,12,90972.0,90533.0,,7,ricard,alfa,16,15,+1 Lap,0,9,13,0,,13,11.0,0,15.33,13.0,0.0,-0.67,2.33,26.89,54.53,39.09,0,0.0
2019,8,ricciardo,8,90954.0,90369.0,89918.0,11,ricard,renault,4,6,+1 Lap,8,5,28,0,1599.0,16,8.0,0,9.0,10.8,0.0,-1.33,-1.8,26.89,54.53,39.09,0,0.0
2019,8,russell,19,92789.0,,,19,ricard,williams,18,16,+2 Laps,0,10,0,0,,0,19.0,0,16.0,15.8,0.0,2.67,0.2,26.89,54.53,39.09,0,0.0
2019,8,sainz,6,91073.0,90319.0,89522.0,6,ricard,mclaren,11,11,+1 Lap,0,4,30,0,1203.0,18,7.0,0,8.33,9.2,0.0,2.33,-0.87,26.89,54.53,39.09,0,0.0
2019,8,stroll,18,91726.0,,,13,ricard,racing_point,17,9,+1 Lap,2,6,19,0,,6,16.0,0,14.67,13.0,0.0,2.0,1.67,26.89,54.53,39.09,0,0.0
2019,8,vettel,7,91075.0,89506.0,89799.0,5,ricard,ferrari,1,2,Finished,18,2,172,0,1480.0,100,3.0,0,2.67,2.8,0.0,0.0,-0.13,26.89,54.53,39.09,0,0.0
2019,9,albon,13,64708.0,64665.0,,15,red_bull_ring,toro_rosso,11,15,+1 Lap,0,8,17,0,,7,15.0,0,14.0,12.8,0.0,-2.67,1.2,34.44,50.74,17.97,0,0.0
2019,9,bottas,4,64084.0,63863.0,63537.0,3,red_bull_ring,mercedes,2,2,Finished,18,1,338,8,534.0,151,2.0,2,3.0,2.4,0.0,0.33,0.6,34.44,50.74,17.97,0,0.0
2019,9,gasly,9,64412.0,63988.0,64199.0,7,red_bull_ring,red_bull,9,10,+1 Lap,1,3,137,0,1196.0,37,6.0,0,7.67,9.2,0.0,-0.33,-1.53,34.44,50.74,17.97,0,0.0
2019,9,giovinazzi,8,64450.0,64194.0,64179.0,10,red_bull_ring,alfa,10,16,+1 Lap,0,7,19,0,1176.0,0,18.0,0,16.0,15.2,0.0,-2.67,0.8,34.44,50.74,17.97,0,0.0
2019,9,grosjean,11,64552.0,64490.0,,16,red_bull_ring,haas,16,20,Retired,0,9,16,0,,2,17.0,0,14.67,14.4,2.0,-0.33,0.27,34.44,50.74,17.97,0,0.0
2019,9,hamilton,2,63818.0,63803.0,63262.0,5,red_bull_ring,mercedes,1,1,Finished,25,1,338,8,259.0,187,1.0,6,1.0,1.2,0.0,0.33,-0.2,34.44,50.74,17.97,0,0.0
2019,9,hulkenberg,12,64733.0,64516.0,,13,red_bull_ring,renault,13,8,+1 Lap,4,5,32,0,,16,10.0,0,9.33,11.0,0.0,1.0,-1.67,34.44,50.74,17.97,0,0.0
2019,9,kevin_magnussen,5,64778.0,64466.0,64072.0,19,red_bull_ring,haas,15,17,+1 Lap,0,9,16,0,1069.0,14,11.0,0,16.0,13.6,0.0,-9.33,2.4,34.44,50.74,17.97,0,0.0
2019,9,kubica,20,66206.0,,,20,red_bull_ring,williams,18,18,+2 Laps,0,10,0,0,,0,20.0,0,18.0,17.6,0.0,1.0,0.4,34.44,50.74,17.97,0,0.0
2019,9,kvyat,18,65324.0,,,17,red_bull_ring,toro_rosso,19,14,+1 Lap,0,8,17,0,,10,14.0,0,10.33,11.8,0.0,1.67,-1.47,34.44,50.74,17.97,0,0.0
2019,9,leclerc,1,64138.0,63378.0,63003.0,2,red_bull_ring,ferrari,3,3,Finished,15,2,198,0,0.0,87,5.0,0,8.67,7.2,0.0,-1.67,1.47,34.44,50.74,17.97,0,0.0
2019,9,max_verstappen,3,63807.0,63835.0,63439.0,1,red_bull_ring,red_bull,4,4,Finished,12,3,137,0,436.0,100,4.0,0,4.33,4.0,0.0,1.0,0.33,34.44,50.74,17.97,0,0.0
2019,9,norris,6,64361.0,64211.0,64099.0,6,red_bull_ring,mclaren,5,9,+1 Lap,2,4,40,0,1096.0,14,12.0,0,13.33,13.6,0.0,-5.0,-0.27,34.44,50.74,17.97,0,0.0
2019,9,perez,16,64789.0,,,11,red_bull_ring,racing_point,14,12,+1 Lap,0,6,19,0,,13,13.0,0,12.0,11.4,0.0,3.0,0.6,34.44,50.74,17.97,0,0.0
2019,9,raikkonen,7,64615.0,64056.0,64166.0,9,red_bull_ring,alfa,12,7,+1 Lap,6,7,19,0,1163.0,19,8.0,0,13.0,12.6,0.0,1.0,0.4,34.44,50.74,17.97,0,0.0
2019,9,ricciardo,14,64647.0,64790.0,,12,red_bull_ring,renault,8,11,+1 Lap,0,5,32,0,,16,9.0,0,8.67,11.6,0.0,-2.67,-2.93,34.44,50.74,17.97,0,0.0
2019,9,russell,19,65904.0,,,18,red_bull_ring,williams,20,19,+2 Laps,0,10,0,0,,0,19.0,0,16.67,16.4,0.0,2.33,0.27,34.44,50.74,17.97,0,0.0
2019,9,sainz,15,64453.0,73601.0,,8,red_bull_ring,mclaren,6,6,Finished,8,4,40,0,,26,7.0,0,7.67,7.6,0.0,1.0,0.07,34.44,50.74,17.97,0,0.0
2019,9,stroll,17,64832.0,,,14,red_bull_ring,racing_point,17,13,+1 Lap,0,6,19,0,,6,16.0,0,12.67,13.2,0.0,4.33,-0.53,34.44,50.74,17.97,0,0.0
2019,9,vettel,10,64430.0,63667.0,,4,red_bull_ring,ferrari,7,5,Finished,11,2,198,0,,111,3.0,0,3.0,3.2,0.0,1.0,-0.2,34.44,50.74,17.97,0,0.0
2019,10,albon,9,86482.0,86403.0,86345.0,12,silverstone,toro_rosso,18,15,+1 Lap,0,8,17,0,1252.0,7,15.0,0,16.33,13.6,0.0,-2.33,2.73,18.91,30.32,62.14,0,0.0
2019,10,bottas,1,85750.0,85672.0,85093.0,2,silverstone,mercedes,3,3,Finished,15,1,363,8,0.0,166,2.0,2,3.0,2.8,0.0,0.67,0.2,18.91,30.32,62.14,0,0.0
2019,10,gasly,5,86273.0,86038.0,85590.0,4,silverstone,red_bull,8,7,+1 Lap,6,3,169,1,497.0,43,6.0,0,8.33,7.2,0.0,-1.0,1.13,18.91,30.32,62.14,0,0.0
2019,10,giovinazzi,11,86449.0,86519.0,,18,silverstone,alfa,7,10,+1 Lap,1,6,22,0,,1,18.0,0,13.0,14.8,0.0,-3.33,-1.8,18.91,30.32,62.14,0,0.0
2019,10,grosjean,14,86347.0,86757.0,,19,silverstone,haas,11,16,+1 Lap,0,9,16,0,,2,17.0,0,16.67,14.0,2.0,-3.0,2.67,18.91,30.32,62.14,0,0.0
2019,10,hamilton,2,85513.0,85840.0,85099.0,1,silverstone,mercedes,4,5,Finished,10,1,363,8,6.0,197,1.0,6,2.33,1.8,0.0,0.0,0.53,18.91,30.32,62.14,0,0.0
2019,10,hulkenberg,10,86568.0,86397.0,86386.0,10,silverstone,renault,15,13,+1 Lap,0,5,32,0,1293.0,16,11.0,0,9.33,10.8,0.0,2.33,-1.47,18.91,30.32,62.14,0,0.0
2019,10,kevin_magnussen,16,86662.0,,,20,silverstone,haas,10,19,+2 Laps,0,9,16,0,,14,12.0,0,17.67,14.8,0.0,-9.33,2.87,18.91,30.32,62.14,0,0.0
2019,10,kubica,20,88257.0,,,15,silverstone,williams,17,20,+3 Laps,0,10,0,0,,0,20.0,0,18.67,18.4,0.0,-0.67,0.27,18.91,30.32,62.14,0,0.0
2019,10,kvyat,17,86721.0,,,9,silverstone,toro_rosso,16,17,+1 Lap,0,8,17,0,,10,14.0,0,13.67,11.4,0.0,1.33,2.27,18.91,30.32,62.14,0,0.0
2019,10,leclerc,3,85533.0,85546.0,85172.0,3,silverstone,ferrari,1,2,Finished,18,2,228,0,79.0,105,5.0,0,2.67,6.6,0.0,-0.33,-3.93,18.91,30.32,62.14,0,0.0
2019,10,max_verstappen,4,85700.0,85848.0,85276.0,5,silverstone,red_bull,2,1,Finished,26,3,169,1,183.0,126,3.0,1,3.33,3.4,0.0,1.67,-0.07,18.91,30.32,62.14,0,0.0
2019,10,norris,8,86079.0,86385.0,86224.0,11,silverstone,mclaren,5,6,+1 Lap,8,4,52,0,1131.0,22,8.0,0,11.67,13.2,0.0,-5.67,-1.53,18.91,30.32,62.14,0,0.0
2019,10,perez,15,86649.0,86928.0,,17,silverstone,racing_point,13,11,+1 Lap,0,7,19,0,,13,13.0,0,11.67,12.4,0.0,2.33,-0.73,18.91,30.32,62.14,0,0.0
2019,10,raikkonen,12,86558.0,86546.0,,8,silverstone,alfa,6,9,+1 Lap,2,6,22,0,,21,9.0,0,10.33,12.4,0.0,1.0,-2.07,18.91,30.32,62.14,0,0.0
2019,10,ricciardo,7,86428.0,86283.0,86182.0,7,silverstone,renault,12,12,+1 Lap,0,5,32,0,1089.0,16,10.0,0,9.67,10.0,0.0,-1.67,-0.33,18.91,30.32,62.14,0,0.0
2019,10,russell,19,87789.0,,,14,silverstone,williams,0,18,+2 Laps,0,10,0,0,,0,19.0,0,17.67,17.0,0.0,-5.0,0.67,18.91,30.32,62.14,0,0.0
2019,10,sainz,13,86203.0,86578.0,,6,silverstone,mclaren,19,8,+1 Lap,4,4,52,0,,30,7.0,0,8.33,7.8,0.0,3.67,0.53,18.91,30.32,62.14,0,0.0
2019,10,stroll,18,86762.0,,,13,silverstone,racing_point,14,14,+1 Lap,0,7,19,0,,6,16.0,0,12.0,14.2,0.0,4.0,-2.2,18.91,30.32,62.14,0,0.0
2019,10,vettel,6,85898.0,86023.0,85787.0,16,silverstone,ferrari,9,4,Finished,12,2,228,0,694.0,123,4.0,0,3.67,3.4,0.0,2.0,0.27,18.91,30.32,62.14,0,0.0
2019,11,albon,17,73461.0,,,6,hockenheimring,toro_rosso,9,12,Finished,0,8,19,0,,7,15.0,0,14.0,13.8,0.0,-1.33,0.2,21.5,26.44,87.83,1,96.6
2019,11,bottas,3,73075.0,72424.0,72129.0,15,hockenheimring,mercedes,1,2,Finished,18,1,407,9,362.0,184,2.0,2,2.33,2.8,0.0,-0.33,-0.47,21.5,26.44,87.83,1,96.6
2019,11,gasly,4,72991.0,72385.0,72522.0,14,hockenheimring,red_bull,5,4,Finished,12,3,191,1,755.0,55,6.0,0,7.0,6.8,0.0,0.33,0.2,21.5,26.44,87.83,1,96.6
2019,11,giovinazzi,11,73170.0,72786.0,,13,hockenheimring,alfa,11,18,Spun off,0,6,26,0,,1,18.0,0,14.67,15.2,0.0,-5.33,-0.53,21.5,26.44,87.83,1,96.6
2019,11,grosjean,6,73146.0,72769.0,72851.0,7,hockenheimring,haas,14,19,Collision,0,9,16,0,1084.0,2,17.0,0,18.33,15.8,2.0,-4.67,2.53,21.5,26.44,87.83,1,96.6
2019,11,hamilton,1,72852.0,72149.0,71767.0,9,hockenheimring,mercedes,2,1,Finished,26,1,407,9,0.0,223,1.0,7,2.33,1.8,0.0,0.0,0.53,21.5,26.44,87.83,1,96.6
2019,11,hulkenberg,9,73186.0,72766.0,73126.0,16,hockenheimring,renault,10,10,Finished,1,5,39,0,1359.0,17,11.0,0,10.33,10.2,0.0,2.33,0.13,21.5,26.44,87.83,1,96.6
2019,11,kevin_magnussen,12,73103.0,72789.0,,8,hockenheimring,haas,16,20,Collision,0,9,16,0,,14,12.0,0,18.67,17.4,0.0,-5.0,1.27,21.5,26.44,87.83,1,96.6
2019,11,kubica,19,74839.0,,,10,hockenheimring,williams,20,15,+1 Lap,0,10,0,0,,0,20.0,0,17.67,17.8,0.0,0.67,-0.13,21.5,26.44,87.83,1,96.6
2019,11,kvyat,14,73278.0,73135.0,,3,hockenheimring,toro_rosso,17,9,Finished,2,8,19,0,,12,14.0,0,13.33,11.4,0.0,4.0,1.93,21.5,26.44,87.83,1,96.6
2019,11,leclerc,10,72229.0,72344.0,,17,hockenheimring,ferrari,3,3,Finished,15,2,243,0,,120,5.0,0,2.67,6.2,0.0,-0.33,-3.53,21.5,26.44,87.83,1,96.6
2019,11,max_verstappen,2,72593.0,72427.0,72113.0,1,hockenheimring,red_bull,4,5,Finished,10,3,191,1,346.0,136,3.0,1,3.33,3.8,0.0,0.0,-0.47,21.5,26.44,87.83,1,96.6
2019,11,norris,16,73333.0,,,18,hockenheimring,mclaren,8,11,Finished,0,4,60,0,,22,9.0,0,8.67,11.4,0.0,-2.67,-2.73,21.5,26.44,87.83,1,96.6
2019,11,perez,8,73194.0,72776.0,73065.0,20,hockenheimring,racing_point,15,17,+1 Lap,0,7,19,0,1298.0,13,13.0,0,13.33,12.8,0.0,0.67,0.53,21.5,26.44,87.83,1,96.6
2019,11,raikkonen,5,73066.0,72519.0,72538.0,12,hockenheimring,alfa,12,8,Finished,4,6,26,0,771.0,25,8.0,0,8.0,11.2,0.0,2.0,-3.2,21.5,26.44,87.83,1,96.6
2019,11,ricciardo,13,73131.0,72799.0,,19,hockenheimring,renault,7,7,Finished,6,5,39,0,,22,10.0,0,10.0,9.0,0.0,-1.0,1.0,21.5,26.44,87.83,1,96.6
2019,11,russell,18,74721.0,,,11,hockenheimring,williams,19,14,+1 Lap,0,10,0,0,,0,19.0,0,17.0,16.4,0.0,-4.0,0.6,21.5,26.44,87.83,1,96.6
2019,11,sainz,7,73221.0,72632.0,72897.0,5,hockenheimring,mclaren,13,6,Finished,8,4,60,0,1130.0,38,7.0,0,6.67,7.4,0.0,6.0,-0.73,21.5,26.44,87.83,1,96.6
2019,11,stroll,15,73256.0,73450.0,,4,hockenheimring,racing_point,18,13,Finished,0,7,19,0,,6,16.0,0,13.33,13.0,0.0,3.0,0.33,21.5,26.44,87.83,1,96.6
2019,11,vettel,20,,,,2,hockenheimring,ferrari,6,16,+1 Lap,0,2,243,0,,123,4.0,0,8.33,5.8,0.0,-1.0,2.53,21.5,26.44,87.83,1,96.6
2019,12,albon,12,76912.0,76687.0,,10,hungaroring,toro_rosso,16,6,Finished,8,5,42,0,,15,15.0,0,11.0,13.4,0.0,3.33,-2.4,25.66,44.1,33.89,0,0.0
2019,12,bottas,2,76078.0,75669.0,74590.0,8,hungaroring,mercedes,3,15,Accident,0,1,409,9,18.0,184,2.0,2,6.67,5.2,0.0,-4.33,1.47,25.66,44.1,33.89,0,0.0
2019,12,gasly,6,76716.0,76393.0,75450.0,6,hungaroring,red_bull,4,14,Collision,0,3,217,2,878.0,55,6.0,0,8.33,8.6,0.0,-2.67,-0.27,25.66,44.1,33.89,0,0.0
2019,12,giovinazzi,14,76894.0,76804.0,,18,hungaroring,alfa,11,13,Finished,0,9,26,0,,1,18.0,0,13.67,14.0,0.0,-4.0,-0.33,25.66,44.1,33.89,0,0.0
2019,12,grosjean,9,76978.0,76319.0,76013.0,20,hungaroring,haas,6,7,Finished,6,8,26,0,1441.0,8,17.0,0,14.0,15.2,2.0,-3.67,-1.2,25.66,44.1,33.89,0,0.0
2019,12,hamilton,3,76068.0,75548.0,74769.0,1,hungaroring,mercedes,1,9,Finished,2,1,409,9,197.0,225,1.0,7,5.0,3.4,0.0,-2.67,1.6,25.66,44.1,33.89,0,0.0
2019,12,hulkenberg,11,76790.0,76565.0,,12,hungaroring,renault,9,16,Accident,0,6,39,0,,17,14.0,0,13.0,10.8,0.0,-1.67,2.2,25.66,44.1,33.89,0,0.0
2019,12,kevin_magnussen,15,76122.0,77081.0,,13,hungaroring,haas,12,8,Finished,4,8,26,0,,18,13.0,0,15.67,16.2,0.0,-3.0,-0.53,25.66,44.1,33.89,0,0.0
2019,12,kubica,20,78324.0,,,19,hungaroring,williams,18,10,Finished,1,10,1,0,,1,19.0,0,15.0,16.2,0.0,3.33,-1.2,25.66,44.1,33.89,0,0.0
2019,12,kvyat,13,76750.0,76692.0,,15,hungaroring,toro_rosso,14,3,Finished,15,5,42,0,,27,8.0,0,9.67,10.6,0.0,6.0,-0.93,25.66,44.1,33.89,0,0.0
2019,12,leclerc,4,76337.0,75792.0,75043.0,4,hungaroring,ferrari,10,17,Accident,0,2,261,0,471.0,120,5.0,0,7.33,5.6,0.0,-2.67,1.73,25.66,44.1,33.89,0,0.0
2019,12,max_verstappen,1,75817.0,75573.0,74572.0,2,hungaroring,red_bull,2,1,Finished,26,3,217,2,0.0,162,3.0,2,2.33,3.2,0.0,0.33,-0.87,25.66,44.1,33.89,0,0.0
2019,12,norris,7,76697.0,76060.0,75800.0,9,hungaroring,mclaren,19,18,Power loss,0,4,70,0,1228.0,22,10.0,0,11.67,12.8,0.0,-1.0,-1.13,25.66,44.1,33.89,0,0.0
2019,12,perez,17,77109.0,,,11,hungaroring,racing_point,8,20,Spun off,0,7,31,0,,13,16.0,0,16.0,14.4,0.0,-4.0,1.6,25.66,44.1,33.89,0,0.0
2019,12,raikkonen,10,76506.0,76518.0,76041.0,7,hungaroring,alfa,5,12,Finished,0,9,26,0,1469.0,25,9.0,0,9.67,10.2,0.0,-2.0,-0.53,25.66,44.1,33.89,0,0.0
2019,12,ricciardo,18,77257.0,,,14,hungaroring,renault,13,19,Exhaust,0,6,39,0,,22,11.0,0,12.67,11.0,0.0,-2.0,1.67,25.66,44.1,33.89,0,0.0
2019,12,russell,16,77031.0,,,16,hungaroring,williams,17,11,Finished,0,10,1,0,,0,20.0,0,14.33,15.6,0.0,-2.33,-1.27,25.66,44.1,33.89,0,0.0
2019,12,sainz,8,76493.0,76308.0,75852.0,5,hungaroring,mclaren,7,5,Finished,10,4,70,0,1280.0,48,7.0,0,6.33,7.2,0.0,6.67,-0.87,25.66,44.1,33.89,0,0.0
2019,12,stroll,19,77542.0,,,17,hungaroring,racing_point,15,4,Finished,12,7,31,0,,18,12.0,0,10.33,10.6,0.0,5.33,-0.27,25.66,44.1,33.89,0,0.0
2019,12,vettel,5,76452.0,75885.0,75071.0,3,hungaroring,ferrari,20,2,Finished,18,2,261,0,499.0,141,4.0,0,7.33,5.8,0.0,4.33,1.53,25.66,44.1,33.89,0,0.0
2019,13,albon,14,105528.0,105799.0,,5,spa,red_bull,12,10,+1 Lap,1,3,244,2,,16,15.0,0,9.33,11.6,0.0,3.0,-2.27,17.4,28.12,57.03,0,0.0
2019,13,bottas,4,105141.0,103980.0,103415.0,3,spa,mercedes,2,8,+1 Lap,4,1,438,10,896.0,188,2.0,2,8.33,6.0,0.0,-6.33,2.33,17.4,28.12,57.03,0,0.0
2019,13,gasly,16,106435.0,,,9,spa,toro_rosso,6,6,+1 Lap,8,5,43,0,,63,6.0,0,8.0,8.2,0.0,-3.0,-0.2,17.4,28.12,57.03,0,0.0
2019,13,giovinazzi,15,105637.0,,,18,spa,alfa,17,18,+2 Laps,0,7,32,0,,1,18.0,0,16.33,15.0,0.0,-3.33,1.33,17.4,28.12,57.03,0,0.0
2019,13,grosjean,11,105694.0,104797.0,,13,spa,haas,9,20,Water pressure,0,9,26,0,,8,17.0,0,15.33,16.4,2.0,-5.67,-1.07,17.4,28.12,57.03,0,0.0
2019,13,hamilton,3,105260.0,103592.0,103282.0,2,spa,mercedes,3,1,Finished,25,1,438,10,763.0,250,1.0,8,3.67,3.4,0.0,-1.67,0.27,17.4,28.12,57.03,0,0.0
2019,13,hulkenberg,7,105899.0,104549.0,104542.0,8,spa,renault,11,12,+1 Lap,0,6,39,0,2023.0,17,14.0,0,12.67,11.8,0.0,-2.67,0.87,17.4,28.12,57.03,0,0.0
2019,13,kevin_magnussen,10,105839.0,104738.0,105086.0,12,spa,haas,14,13,+1 Lap,0,9,26,0,2567.0,18,13.0,0,13.67,15.4,0.0,0.33,-1.73,17.4,28.12,57.03,0,0.0
2019,13,kubica,20,,,,17,spa,williams,19,19,+3 Laps,0,10,1,0,,1,19.0,0,14.67,16.4,0.0,4.33,-1.73,17.4,28.12,57.03,0,0.0
2019,13,kvyat,18,106518.0,,,7,spa,toro_rosso,13,15,+2 Laps,0,5,43,0,,27,9.0,0,9.0,11.6,0.0,5.67,-2.6,17.4,28.12,57.03,0,0.0
2019,13,leclerc,1,103587.0,102938.0,102519.0,1,spa,ferrari,4,4,Finished,12,2,288,0,0.0,132,5.0,0,8.0,5.8,0.0,-2.33,2.2,17.4,28.12,57.03,0,0.0
2019,13,max_verstappen,5,104622.0,104132.0,103690.0,20,spa,red_bull,1,2,Finished,19,3,244,2,1171.0,181,3.0,2,2.67,2.6,0.0,-0.33,0.07,17.4,28.12,57.03,0,0.0
2019,13,norris,12,106154.0,104847.0,,11,spa,mclaren,7,9,+1 Lap,2,4,82,0,,24,10.0,0,12.67,10.6,0.0,-1.33,2.07,17.4,28.12,57.03,0,0.0
2019,13,perez,9,105732.0,104707.0,104706.0,6,spa,racing_point,16,11,+1 Lap,0,8,31,0,2187.0,13,16.0,0,16.0,14.2,0.0,-3.0,1.8,17.4,28.12,57.03,0,0.0
2019,13,raikkonen,8,105842.0,104140.0,104557.0,16,spa,alfa,10,7,+1 Lap,6,7,32,0,2038.0,31,8.0,0,9.0,8.6,0.0,0.0,0.4,17.4,28.12,57.03,0,0.0
2019,13,ricciardo,6,105560.0,104103.0,104257.0,14,spa,renault,20,14,+1 Lap,0,6,39,0,1738.0,22,11.0,0,13.33,12.6,0.0,0.0,0.73,17.4,28.12,57.03,0,0.0
2019,13,russell,19,107548.0,,,15,spa,williams,15,16,+2 Laps,0,10,1,0,,0,20.0,0,13.67,15.6,0.0,3.33,-1.93,17.4,28.12,57.03,0,0.0
2019,13,sainz,17,106507.0,,,19,spa,mclaren,8,5,+1 Lap,10,4,82,0,,58,7.0,0,5.33,6.0,0.0,4.0,-0.67,17.4,28.12,57.03,0,0.0
2019,13,stroll,13,106000.0,105047.0,,10,spa,racing_point,18,17,+2 Laps,0,8,31,0,,18,12.0,0,11.33,12.2,0.0,5.67,-0.87,17.4,28.12,57.03,0,0.0
2019,13,vettel,2,104109.0,103037.0,103267.0,4,spa,ferrari,5,3,Finished,15,2,288,0,748.0,156,4.0,0,7.0,6.0,0.0,3.33,1.0,17.4,28.12,57.03,0,0.0
2019,14,albon,8,80382.0,80021.0,,6,monza,red_bull,17,5,Finished,10,3,254,2,,26,10.0,0,7.0,9.6,0.0,8.0,-2.6,21.1,33.04,51.57,0,0.0
2019,14,bottas,3,80156.0,80018.0,79354.0,2,monza,mercedes,4,3,Finished,15,1,471,10,47.0,203,2.0,2,8.67,6.2,0.0,-5.67,2.47,21.1,33.04,51.57,0,0.0
2019,14,gasly,15,80508.0,81125.0,,11,monza,toro_rosso,13,9,Finished,2,5,51,0,,65,6.0,0,9.67,8.0,0.0,-2.0,1.67,21.1,33.04,51.57,0,0.0
2019,14,giovinazzi,11,80657.0,80517.0,,9,monza,alfa,18,18,Accident,0,8,32,0,,1,18.0,0,16.33,15.4,0.0,-1.0,0.93,21.1,33.04,51.57,0,0.0
2019,14,grosjean,16,80784.0,,,16,monza,haas,9,13,+1 Lap,0,9,26,0,,8,17.0,0,13.33,15.0,2.0,-5.33,-1.67,21.1,33.04,51.57,0,0.0
2019,14,hamilton,2,80272.0,79464.0,79346.0,3,monza,mercedes,3,2,Finished,18,1,471,10,39.0,268,1.0,8,4.0,3.6,0.0,-1.67,0.4,21.1,33.04,51.57,0,0.0
2019,14,hulkenberg,6,80155.0,80275.0,80049.0,5,monza,renault,12,8,Finished,4,6,43,0,742.0,21,14.0,0,12.0,11.8,0.0,-1.33,0.2,21.1,33.04,51.57,0,0.0
2019,14,kevin_magnussen,12,80616.0,80615.0,,18,monza,haas,8,12,+1 Lap,0,9,26,0,,18,16.0,0,11.0,14.4,0.0,0.33,-3.4,21.1,33.04,51.57,0,0.0
2019,14,kubica,19,82356.0,,,17,monza,williams,0,17,+1 Lap,0,10,1,0,,1,19.0,0,15.33,16.2,0.0,-3.0,-0.87,21.1,33.04,51.57,0,0.0
2019,14,kvyat,13,80723.0,80630.0,,19,monza,toro_rosso,19,7,Finished,6,5,51,0,,33,8.0,0,8.33,10.2,0.0,7.0,-1.87,21.1,33.04,51.57,0,0.0
2019,14,leclerc,1,80126.0,79553.0,79307.0,1,monza,ferrari,1,1,Finished,25,2,326,1,0.0,157,5.0,1,7.33,5.4,0.0,-2.33,1.93,21.1,33.04,51.57,0,0.0
2019,14,max_verstappen,20,,,,8,monza,red_bull,5,20,Accident,0,3,254,2,,181,3.0,2,7.67,5.8,0.0,-5.0,1.87,21.1,33.04,51.57,0,0.0
2019,14,norris,14,80646.0,81068.0,,10,monza,mclaren,11,11,Engine,0,4,82,0,,24,11.0,0,12.67,11.0,0.0,-0.33,1.67,21.1,33.04,51.57,0,0.0
2019,14,perez,17,81291.0,,,7,monza,racing_point,7,6,Finished,8,7,40,0,,21,13.0,0,12.33,13.0,0.0,-2.0,-0.67,21.1,33.04,51.57,0,0.0
2019,14,raikkonen,10,80634.0,80515.0,,15,monza,alfa,6,16,+1 Lap,0,8,32,0,,31,9.0,0,11.67,10.4,0.0,-4.67,1.27,21.1,33.04,51.57,0,0.0
2019,14,ricciardo,5,80374.0,79833.0,79839.0,4,monza,renault,10,14,+1 Lap,0,6,43,0,532.0,22,12.0,0,15.67,13.2,0.0,-1.33,2.47,21.1,33.04,51.57,0,0.0
2019,14,russell,18,81800.0,,,14,monza,williams,14,15,+1 Lap,0,10,1,0,,0,20.0,0,14.0,14.8,0.0,1.33,-0.8,21.1,33.04,51.57,0,0.0
2019,14,sainz,7,80413.0,80202.0,80455.0,20,monza,mclaren,15,19,Power loss,0,4,82,0,1148.0,58,7.0,0,9.67,8.6,0.0,0.33,1.07,21.1,33.04,51.57,0,0.0
2019,14,stroll,9,80643.0,80498.0,,12,monza,racing_point,16,10,Finished,1,7,40,0,,19,15.0,0,10.33,11.6,0.0,6.0,-1.27,21.1,33.04,51.57,0,0.0
2019,14,vettel,4,80378.0,79715.0,79457.0,13,monza,ferrari,2,4,Finished,13,2,326,1,150.0,169,4.0,0,3.0,5.8,0.0,6.0,-2.8,21.1,33.04,51.57,0,0.0
2019,15,albon,6,99106.0,97865.0,97411.0,6,marina_bay,red_bull,8,6,Finished,8,3,266,2,1194.0,34,9.0,0,7.0,7.8,0.0,5.33,-0.8,29.97,35.75,66.46,0,0.0
2019,15,bottas,5,97317.0,97142.0,97146.0,5,marina_bay,mercedes,3,2,Finished,18,1,505,10,929.0,221,2.0,2,4.33,6.0,0.0,-1.33,-1.67,29.97,35.75,66.46,0,0.0
2019,15,gasly,12,99085.0,98699.0,,8,marina_bay,toro_rosso,17,11,+1 Lap,0,6,51,0,,65,6.0,0,8.67,8.8,0.0,3.33,-0.13,29.97,35.75,66.46,0,0.0
2019,15,giovinazzi,11,99272.0,98697.0,,10,marina_bay,alfa,10,9,+1 Lap,2,8,34,0,,3,18.0,0,15.0,15.2,0.0,0.0,-0.2,29.97,35.75,66.46,0,0.0
2019,15,grosjean,17,100277.0,,,11,marina_bay,haas,13,16,+1 Lap,0,9,26,0,,8,17.0,0,16.33,15.0,2.0,-6.0,1.33,29.97,35.75,66.46,0,0.0
2019,15,hamilton,2,97565.0,96933.0,96408.0,4,marina_bay,mercedes,2,3,Finished,16,1,505,10,191.0,284,1.0,8,2.0,3.2,0.0,0.67,-1.2,29.97,35.75,66.46,0,0.0
2019,15,hulkenberg,8,99001.0,98580.0,98264.0,9,marina_bay,renault,6,5,Finished,10,5,65,0,2047.0,31,11.0,0,8.33,10.2,0.0,1.33,-1.87,29.97,35.75,66.46,0,0.0
2019,15,kevin_magnussen,14,99942.0,99650.0,,17,marina_bay,haas,11,18,Hydraulics,0,9,26,0,,18,16.0,0,14.33,14.2,0.0,-3.33,0.13,29.97,35.75,66.46,0,0.0
2019,15,kubica,19,101186.0,,,16,marina_bay,williams,15,17,+2 Laps,0,10,1,0,,1,19.0,0,17.67,15.6,0.0,-6.33,2.07,29.97,35.75,66.46,0,0.0
2019,15,kvyat,15,99957.0,,,15,marina_bay,toro_rosso,12,19,Engine,0,6,51,0,,33,10.0,0,13.67,10.6,0.0,1.0,3.07,29.97,35.75,66.46,0,0.0
2019,15,leclerc,1,98014.0,96650.0,96217.0,2,marina_bay,ferrari,1,1,Finished,25,2,351,2,0.0,182,4.0,2,2.0,5.2,0.0,0.0,-3.2,29.97,35.75,66.46,0,0.0
2019,15,max_verstappen,4,98540.0,97089.0,96813.0,3,marina_bay,red_bull,19,8,Finished,4,3,266,2,596.0,185,3.0,2,10.0,7.2,0.0,-1.67,2.8,29.97,35.75,66.46,0,0.0
2019,15,norris,9,98606.0,97572.0,98329.0,7,marina_bay,mclaren,16,10,+1 Lap,1,4,83,0,2112.0,25,14.0,0,10.0,11.8,0.0,1.33,-1.8,29.97,35.75,66.46,0,0.0
2019,15,perez,10,99909.0,98520.0,,19,marina_bay,racing_point,18,7,Finished,6,7,46,0,,27,13.0,0,8.0,12.2,0.0,5.67,-4.2,29.97,35.75,66.46,0,0.0
2019,15,raikkonen,13,99454.0,98858.0,,18,marina_bay,alfa,0,15,+1 Lap,0,8,34,0,,31,12.0,0,12.67,11.6,0.0,-7.33,1.07,29.97,35.75,66.46,0,0.0
2019,15,ricciardo,20,,,,14,marina_bay,renault,5,4,Finished,12,5,65,0,,34,8.0,0,10.67,11.6,0.0,1.0,-0.93,29.97,35.75,66.46,0,0.0
2019,15,russell,18,100867.0,,,20,marina_bay,williams,14,14,+1 Lap,0,10,1,0,,0,20.0,0,15.0,14.0,0.0,-0.67,1.0,29.97,35.75,66.46,0,0.0
2019,15,sainz,7,98882.0,97982.0,97818.0,12,marina_bay,mclaren,7,20,Wheel,0,4,83,0,1601.0,58,7.0,0,14.67,11.0,0.0,-4.67,3.67,29.97,35.75,66.46,0,0.0
2019,15,stroll,16,99979.0,,,13,marina_bay,racing_point,9,12,+1 Lap,0,7,46,0,,19,15.0,0,13.0,11.2,0.0,1.33,1.8,29.97,35.75,66.46,0,0.0
2019,15,vettel,3,98374.0,96720.0,96437.0,1,marina_bay,ferrari,4,13,+1 Lap,0,2,351,2,220.0,169,5.0,0,6.67,7.6,0.0,-3.0,-0.93,29.97,35.75,66.46,0,0.0
2019,16,albon,19,99197.0,,,5,sochi,red_bull,6,6,Finished,8,3,289,2,,42,8.0,0,5.67,6.6,0.0,4.67,-0.93,22.03,34.33,67.42,0,0.8
2019,16,bottas,5,93413.0,93281.0,92632.0,2,sochi,mercedes,5,5,Finished,10,1,527,10,1004.0,231,2.0,2,3.33,6.6,0.0,0.67,-3.27,22.03,34.33,67.42,0,0.8
2019,16,gasly,11,94456.0,93950.0,,14,sochi,toro_rosso,11,8,Finished,4,6,55,0,,69,6.0,0,9.33,9.6,0.0,4.33,-0.27,22.03,34.33,67.42,0,0.8
2019,16,giovinazzi,13,94755.0,94037.0,,15,sochi,alfa,10,10,Finished,1,8,35,0,,4,18.0,0,12.33,13.6,0.0,0.33,-1.27,22.03,34.33,67.42,0,0.8
2019,16,grosjean,9,94283.0,93643.0,93517.0,20,sochi,haas,17,11,Finished,0,9,26,0,1889.0,8,17.0,0,13.33,13.4,2.0,-0.33,-0.07,22.03,34.33,67.42,0,0.8
2019,16,hamilton,2,93230.0,93134.0,92030.0,1,sochi,mercedes,2,4,Finished,12,1,527,10,402.0,296,1.0,8,3.0,3.8,0.0,-0.67,-0.8,22.03,34.33,67.42,0,0.8
2019,16,hulkenberg,7,94236.0,93898.0,93289.0,10,sochi,renault,8,9,Finished,2,5,67,0,1661.0,33,11.0,0,7.33,10.0,0.0,1.33,-2.67,22.03,34.33,67.42,0,0.8
2019,16,kevin_magnussen,14,93889.0,94082.0,,9,sochi,haas,13,17,Finished,0,9,26,0,,18,16.0,0,15.67,13.6,0.0,-5.0,2.07,22.03,34.33,67.42,0,0.8
2019,16,kubica,18,96474.0,,,16,sochi,williams,19,16,Finished,0,10,1,0,,1,19.0,0,16.67,15.8,0.0,-5.33,0.87,22.03,34.33,67.42,0,0.8
2019,16,kvyat,20,99544.0,,,12,sochi,toro_rosso,14,15,Finished,0,6,55,0,,33,10.0,0,13.67,11.8,0.0,1.33,1.87,22.03,34.33,67.42,0,0.8
2019,16,leclerc,1,93613.0,92434.0,91628.0,3,sochi,ferrari,1,2,Finished,18,2,394,3,0.0,200,3.0,2,1.33,5.0,0.0,-0.33,-3.67,22.03,34.33,67.42,0,0.8
2019,16,max_verstappen,4,93368.0,92634.0,92310.0,4,sochi,red_bull,4,3,Finished,15,3,289,2,682.0,200,4.0,2,10.33,6.8,0.0,-1.0,3.53,22.03,34.33,67.42,0,0.8
2019,16,norris,8,94201.0,93725.0,93301.0,8,sochi,mclaren,9,7,Finished,6,4,89,0,1673.0,31,12.0,0,9.33,11.0,0.0,2.67,-1.67,22.03,34.33,67.42,0,0.8
2019,16,perez,12,94336.0,93958.0,,7,sochi,racing_point,15,19,Engine,0,7,46,0,,27,14.0,0,10.67,12.6,0.0,2.67,-1.93,22.03,34.33,67.42,0,0.8
2019,16,raikkonen,16,94840.0,,,13,sochi,alfa,12,18,Collision,0,8,35,0,,31,13.0,0,16.33,13.6,0.0,-10.33,2.73,22.03,34.33,67.42,0,0.8
2019,16,ricciardo,10,94138.0,93862.0,93661.0,19,sochi,renault,20,14,Finished,0,5,67,0,2033.0,34,9.0,0,10.67,13.0,0.0,1.0,-2.33,22.03,34.33,67.42,0,0.8
2019,16,russell,17,95356.0,,,17,sochi,williams,18,20,Collision,0,10,1,0,,0,20.0,0,16.33,15.2,0.0,-1.0,1.13,22.03,34.33,67.42,0,0.8
2019,16,sainz,6,94184.0,93807.0,93222.0,6,sochi,mclaren,7,12,Finished,0,4,89,0,1594.0,58,7.0,0,17.0,12.2,0.0,-7.33,4.8,22.03,34.33,67.42,0,0.8
2019,16,stroll,15,94287.0,94233.0,,11,sochi,racing_point,16,13,Finished,0,7,46,0,,19,15.0,0,11.67,11.2,0.0,2.0,0.47,22.03,34.33,67.42,0,0.8
2019,16,vettel,3,93032.0,92536.0,92053.0,18,sochi,ferrari,3,1,Finished,25,2,394,3,425.0,194,5.0,1,6.0,4.6,0.0,-3.0,1.4,22.03,34.33,67.42,0,0.8
2019,17,albon,6,89351.0,88156.0,87851.0,4,suzuka,red_bull,0,5,Finished,10,3,311,2,787.0,52,8.0,0,5.67,6.4,0.0,-1.0,-0.73,21.62,32.18,57.48,0,0.0
2019,17,bottas,3,88896.0,87688.0,87293.0,1,suzuka,mercedes,4,2,Finished,18,1,571,11,229.0,249,2.0,2,3.0,4.0,0.0,1.0,-1.0,21.62,32.18,57.48,0,0.0
2019,17,gasly,9,89411.0,88779.0,88836.0,7,suzuka,toro_rosso,16,14,Finished,0,6,55,0,1772.0,69,6.0,0,11.0,9.6,0.0,3.67,1.4,21.62,32.18,57.48,0,0.0
2019,17,giovinazzi,11,89604.0,89254.0,,14,suzuka,alfa,12,15,Finished,0,8,35,0,,4,18.0,0,11.33,14.0,0.0,-0.67,-2.67,21.62,32.18,57.48,0,0.0
2019,17,grosjean,10,89572.0,89144.0,89341.0,13,suzuka,haas,8,20,Collision,0,9,28,0,2277.0,8,17.0,0,15.67,16.0,2.0,-3.0,-0.33,21.62,32.18,57.48,0,0.0
2019,17,hamilton,4,88735.0,87826.0,87302.0,3,suzuka,mercedes,2,1,Finished,26,1,571,11,238.0,322,1.0,9,2.67,2.2,0.0,-0.67,0.47,21.62,32.18,57.48,0,0.0
2019,17,hulkenberg,15,89619.0,90112.0,,20,suzuka,renault,6,10,Finished,1,5,68,0,,34,11.0,0,8.0,8.8,0.0,-1.33,-0.8,21.62,32.18,57.48,0,0.0
2019,17,kevin_magnussen,19,,,,15,suzuka,haas,13,9,Finished,2,9,28,0,,20,15.0,0,14.67,13.8,0.0,-2.33,0.87,21.62,32.18,57.48,0,0.0
2019,17,kubica,20,,,,17,suzuka,williams,18,16,Brakes,0,10,1,0,,1,19.0,0,16.33,17.0,0.0,1.0,-0.67,21.62,32.18,57.48,0,0.0
2019,17,kvyat,14,89723.0,89563.0,,10,suzuka,toro_rosso,19,12,Finished,0,6,55,0,,33,12.0,0,15.33,13.6,0.0,-0.33,1.73,21.62,32.18,57.48,0,0.0
2019,17,leclerc,2,88405.0,88179.0,87253.0,6,suzuka,ferrari,1,3,Finished,15,2,409,3,189.0,215,3.0,2,2.0,2.2,0.0,-1.0,-0.2,21.62,32.18,57.48,0,0.0
2019,17,max_verstappen,5,88754.0,88499.0,87851.0,18,suzuka,red_bull,9,4,Finished,12,3,311,2,787.0,212,4.0,2,5.0,7.4,0.0,5.67,-2.4,21.62,32.18,57.48,0,0.0
2019,17,norris,8,88873.0,88571.0,88464.0,11,suzuka,mclaren,7,8,Finished,4,4,101,0,1400.0,35,9.0,0,8.33,9.0,0.0,2.33,-0.67,21.62,32.18,57.48,0,0.0
2019,17,perez,17,90344.0,,,8,suzuka,racing_point,11,7,Finished,6,7,52,0,,33,13.0,0,11.0,10.0,0.0,3.67,1.0,21.62,32.18,57.48,0,0.0
2019,17,raikkonen,13,89636.0,89358.0,,12,suzuka,alfa,15,13,Finished,0,8,35,0,,31,14.0,0,15.33,13.8,0.0,-6.33,1.53,21.62,32.18,57.48,0,0.0
2019,17,ricciardo,16,89822.0,,,19,suzuka,renault,10,19,Collision,0,5,68,0,,34,10.0,0,12.33,13.0,0.0,-0.67,-0.67,21.62,32.18,57.48,0,0.0
2019,17,russell,18,90364.0,,,16,suzuka,williams,17,17,Brakes,0,10,1,0,,0,20.0,0,17.0,16.4,0.0,-0.67,0.6,21.62,32.18,57.48,0,0.0
2019,17,sainz,7,89018.0,88577.0,88304.0,5,suzuka,mclaren,5,6,Finished,8,4,101,0,1240.0,66,7.0,0,12.67,12.4,0.0,-6.33,0.27,21.62,32.18,57.48,0,0.0
2019,17,stroll,12,89594.0,89345.0,,9,suzuka,racing_point,14,11,Finished,0,7,52,0,,19,16.0,0,12.0,12.6,0.0,1.0,-0.6,21.62,32.18,57.48,0,0.0
2019,17,vettel,1,88988.0,88174.0,87064.0,2,suzuka,ferrari,3,18,Power loss,0,2,409,3,0.0,194,5.0,1,10.67,7.8,0.0,-7.33,2.87,21.62,32.18,57.48,0,0.0
2019,18,albon,5,76175.0,76574.0,75336.0,5,rodriguez,red_bull,6,4,Finished,12,3,323,2,578.0,64,8.0,0,5.0,5.2,0.0,-1.0,-0.2,23.2,41.63,46.29,0,0.0
2019,18,bottas,6,77062.0,75852.0,75338.0,3,rodriguez,mercedes,3,1,Finished,25,1,612,12,580.0,274,2.0,3,2.67,2.6,0.0,1.33,0.07,23.2,41.63,46.29,0,0.0
2019,18,gasly,10,77065.0,76679.0,76586.0,9,rodriguez,toro_rosso,9,7,+1 Lap,6,6,62,0,1828.0,75,7.0,0,9.67,9.8,0.0,2.33,-0.13,23.2,41.63,46.29,0,0.0
2019,18,giovinazzi,15,77794.0,77269.0,,14,rodriguez,alfa,11,14,+1 Lap,0,8,35,0,,4,18.0,0,13.0,13.2,0.0,-2.0,-0.2,23.2,41.63,46.29,0,0.0
2019,18,grosjean,18,78599.0,,,17,rodriguez,haas,10,13,+1 Lap,0,9,28,0,,8,17.0,0,14.67,14.6,2.0,-3.0,0.07,23.2,41.63,46.29,0,0.0
2019,18,hamilton,4,76424.0,75721.0,75262.0,1,rodriguez,mercedes,4,3,Finished,16,1,612,12,504.0,338,1.0,9,2.67,2.6,0.0,0.0,0.07,23.2,41.63,46.29,0,0.0
2019,18,hulkenberg,12,77608.0,76885.0,,10,rodriguez,renault,15,20,Disqualified,0,5,68,0,,34,13.0,0,13.0,10.4,0.0,-3.33,2.6,23.2,41.63,46.29,0,0.0
2019,18,kevin_magnussen,17,78436.0,,,15,rodriguez,haas,19,15,+1 Lap,0,9,28,0,,20,16.0,0,13.67,14.2,0.0,1.33,-0.53,23.2,41.63,46.29,0,0.0
2019,18,kubica,20,80179.0,,,18,rodriguez,williams,0,17,+2 Laps,0,10,1,0,,1,19.0,0,16.33,16.6,0.0,-4.0,-0.27,23.2,41.63,46.29,0,0.0
2019,18,kvyat,9,77041.0,76657.0,76469.0,11,rodriguez,toro_rosso,14,10,+1 Lap,1,6,62,0,1711.0,34,11.0,0,12.33,12.6,0.0,3.33,-0.27,23.2,41.63,46.29,0,0.0
2019,18,leclerc,2,76364.0,76219.0,75024.0,4,rodriguez,ferrari,2,6,+1 Lap,8,2,435,3,266.0,223,3.0,2,3.67,2.6,0.0,-2.33,1.07,23.2,41.63,46.29,0,0.0
2019,18,max_verstappen,1,75949.0,76136.0,74758.0,6,rodriguez,red_bull,5,18,Brakes,0,3,323,2,0.0,212,4.0,2,8.33,10.6,0.0,-2.33,-2.27,23.2,41.63,46.29,0,0.0
2019,18,norris,8,77092.0,76447.0,76322.0,20,rodriguez,mclaren,8,11,+1 Lap,0,4,111,0,1564.0,35,10.0,0,8.67,9.4,0.0,-0.67,-0.73,23.2,41.63,46.29,0,0.0
2019,18,perez,11,77465.0,76687.0,,7,rodriguez,racing_point,17,8,+1 Lap,4,7,58,0,,37,9.0,0,11.33,9.4,0.0,3.0,1.93,23.2,41.63,46.29,0,0.0
2019,18,raikkonen,14,77225.0,76967.0,,19,rodriguez,alfa,13,12,+1 Lap,0,8,35,0,,31,14.0,0,14.33,14.8,0.0,-1.0,-0.47,23.2,41.63,46.29,0,0.0
2019,18,ricciardo,13,77270.0,76933.0,,8,rodriguez,renault,16,19,Disqualified,0,5,68,0,,34,12.0,0,17.33,14.0,0.0,-2.0,3.33,23.2,41.63,46.29,0,0.0
2019,18,russell,19,78823.0,,,16,rodriguez,williams,18,16,+2 Laps,0,10,1,0,,0,20.0,0,17.67,16.4,0.0,0.0,1.27,23.2,41.63,46.29,0,0.0
2019,18,sainz,7,77044.0,76267.0,76014.0,13,rodriguez,mclaren,7,5,Finished,10,4,111,0,1256.0,76,6.0,0,7.67,12.4,0.0,-1.33,-4.73,23.2,41.63,46.29,0,0.0
2019,18,stroll,16,78065.0,,,12,rodriguez,racing_point,12,9,+1 Lap,2,7,58,0,,21,15.0,0,11.0,11.0,0.0,3.0,0.0,23.2,41.63,46.29,0,0.0
2019,18,vettel,3,76696.0,75914.0,75170.0,2,rodriguez,ferrari,1,2,Finished,18,2,435,3,412.0,212,5.0,1,7.0,7.6,0.0,-4.67,-0.6,23.2,41.63,46.29,0,0.0
2019,19,albon,6,93984.0,92898.0,92548.0,5,americas,red_bull,5,5,Finished,10,3,341,2,519.0,74,8.0,0,4.67,5.2,0.0,-1.0,-0.53,21.48,29.08,29.24,0,0.0
2019,19,bottas,1,93750.0,93160.0,92029.0,1,americas,mercedes,6,3,Finished,15,1,652,13,0.0,289,2.0,3,2.0,2.6,0.0,2.33,-0.6,21.48,29.08,29.24,0,0.0
2019,19,gasly,10,93556.0,93715.0,93601.0,16,americas,toro_rosso,10,9,+1 Lap,2,6,64,0,1572.0,77,6.0,0,10.0,9.8,0.0,1.67,0.2,21.48,29.08,29.24,0,0.0
2019,19,giovinazzi,16,94226.0,,,14,americas,alfa,15,14,+1 Lap,0,8,35,0,,4,18.0,0,14.33,12.4,0.0,-1.67,1.93,21.48,29.08,29.24,0,0.0
2019,19,grosjean,15,94161.0,94158.0,,15,americas,haas,18,17,+2 Laps,0,9,28,0,,8,17.0,0,16.67,15.4,2.0,-4.67,1.27,21.48,29.08,29.24,0,0.0
2019,19,hamilton,5,93454.0,93045.0,92321.0,2,americas,mercedes,3,1,Finished,25,1,652,13,292.0,363,1.0,10,1.67,2.4,0.0,1.33,-0.73,21.48,29.08,29.24,0,0.0
2019,19,hulkenberg,11,94092.0,93815.0,,9,americas,renault,12,10,+1 Lap,1,5,73,0,,35,11.0,0,13.33,10.8,0.0,-2.33,2.53,21.48,29.08,29.24,0,0.0
2019,19,kevin_magnussen,12,93812.0,93979.0,,18,americas,haas,17,15,+2 Laps,0,9,28,0,,20,16.0,0,13.0,14.8,0.0,3.33,-1.8,21.48,29.08,29.24,0,0.0
2019,19,kubica,20,95889.0,,,19,americas,williams,20,18,+2 Laps,0,10,1,0,,1,19.0,0,17.0,16.8,0.0,-4.33,0.2,21.48,29.08,29.24,0,0.0
2019,19,kvyat,13,94138.0,93989.0,,12,americas,toro_rosso,9,11,+1 Lap,0,6,64,0,,34,13.0,0,11.0,13.4,0.0,3.0,-2.4,21.48,29.08,29.24,0,0.0
2019,19,leclerc,4,93988.0,92760.0,92137.0,4,americas,ferrari,1,4,Finished,13,2,466,3,108.0,236,3.0,2,4.33,3.2,0.0,-3.0,1.13,21.48,29.08,29.24,0,0.0
2019,19,max_verstappen,3,93549.0,93120.0,92096.0,3,americas,red_bull,4,6,Finished,8,3,341,2,67.0,220,5.0,2,9.33,7.8,0.0,-3.33,1.53,21.48,29.08,29.24,0,0.0
2019,19,norris,8,93353.0,93316.0,93175.0,7,americas,mclaren,8,20,Withdrew,0,4,111,0,1146.0,35,12.0,0,13.0,11.2,0.0,-5.33,1.8,21.48,29.08,29.24,0,0.0
2019,19,perez,19,95808.0,,,10,americas,racing_point,11,7,Finished,6,7,64,0,,43,9.0,0,7.33,9.6,0.0,5.67,-2.27,21.48,29.08,29.24,0,0.0
2019,19,raikkonen,17,94369.0,,,11,americas,alfa,14,19,Overheating,0,8,35,0,,31,14.0,0,14.67,15.4,0.0,-0.67,-0.73,21.48,29.08,29.24,0,0.0
2019,19,ricciardo,9,93835.0,93608.0,93488.0,6,americas,renault,13,8,Finished,4,5,73,0,1459.0,38,10.0,0,15.33,12.8,0.0,-2.33,2.53,21.48,29.08,29.24,0,0.0
2019,19,russell,18,95372.0,,,17,americas,williams,19,16,+2 Laps,0,10,1,0,,0,20.0,0,16.33,16.6,0.0,1.67,-0.27,21.48,29.08,29.24,0,0.0
2019,19,sainz,7,93916.0,93422.0,92847.0,8,americas,mclaren,7,13,+1 Lap,0,4,111,0,818.0,76,7.0,0,8.0,11.2,0.0,-1.67,-3.2,21.48,29.08,29.24,0,0.0
2019,19,stroll,14,93921.0,94100.0,,13,americas,racing_point,16,12,+1 Lap,0,7,64,0,,21,15.0,0,10.67,11.4,0.0,3.33,-0.73,21.48,29.08,29.24,0,0.0
2019,19,vettel,2,93766.0,93782.0,92041.0,20,americas,ferrari,2,2,Finished,18,2,466,3,12.0,230,4.0,1,7.33,7.2,0.0,-5.33,0.13,21.48,29.08,29.24,0,0.0
2019,20,albon,6,68503.0,68117.0,67935.0,14,interlagos,red_bull,6,5,Finished,10,3,366,2,427.0,84,6.0,0,4.67,5.0,0.0,1.0,-0.33,21.02,46.45,60.29,0,0.0
2019,20,bottas,5,68545.0,68232.0,67874.0,20,interlagos,mercedes,1,1,Finished,25,1,695,14,366.0,314,2.0,4,1.67,2.4,0.0,1.67,-0.73,21.02,46.45,60.29,0,0.0
2019,20,gasly,7,68909.0,68770.0,68837.0,2,interlagos,toro_rosso,10,16,Suspension,0,7,64,0,1329.0,77,8.0,0,10.67,10.8,0.0,-1.0,-0.13,21.02,46.45,60.29,0,0.0
2019,20,giovinazzi,13,69175.0,68919.0,,5,interlagos,alfa,16,14,+1 Lap,0,8,35,0,,4,18.0,0,14.0,13.4,0.0,0.0,0.6,21.02,46.45,60.29,0,0.0
2019,20,grosjean,8,69197.0,68705.0,68854.0,13,interlagos,haas,15,15,+1 Lap,0,9,28,0,1346.0,8,17.0,0,15.0,15.2,2.0,-0.67,-0.2,21.02,46.45,60.29,0,0.0
2019,20,hamilton,3,68614.0,68088.0,67699.0,7,interlagos,mercedes,5,2,Finished,18,1,695,14,191.0,381,1.0,10,2.0,2.2,0.0,2.0,-0.2,21.02,46.45,60.29,0,0.0
2019,20,hulkenberg,14,69050.0,68921.0,,15,interlagos,renault,11,9,+1 Lap,2,5,83,0,,37,12.0,0,13.0,11.6,0.0,-0.33,1.4,21.02,46.45,60.29,0,0.0
2019,20,kevin_magnussen,10,68875.0,68803.0,69037.0,11,interlagos,haas,12,18,Brakes,0,9,28,0,1529.0,20,16.0,0,16.0,14.8,0.0,0.0,1.2,21.02,46.45,60.29,0,0.0
2019,20,kubica,19,70614.0,,,16,interlagos,williams,19,19,Oil leak,0,10,1,0,,1,19.0,0,18.0,17.2,0.0,-5.0,0.8,21.02,46.45,60.29,0,0.0
2019,20,kvyat,16,69320.0,,,10,interlagos,toro_rosso,13,12,+1 Lap,0,7,64,0,,34,13.0,0,11.0,12.0,0.0,1.0,-1.0,21.02,46.45,60.29,0,0.0
2019,20,leclerc,4,68496.0,67888.0,67728.0,18,interlagos,ferrari,4,4,Finished,13,2,479,3,220.0,249,3.0,2,4.67,3.8,0.0,-2.33,0.87,21.02,46.45,60.29,0,0.0
2019,20,max_verstappen,1,68242.0,67503.0,67508.0,1,interlagos,red_bull,3,3,Finished,15,3,366,2,0.0,235,4.0,2,9.0,6.8,0.0,-5.0,2.2,21.02,46.45,60.29,0,0.0
2019,20,norris,11,68891.0,68868.0,,8,interlagos,mclaren,8,7,Finished,6,4,121,0,,41,11.0,0,12.67,10.6,0.0,-4.67,2.07,21.02,46.45,60.29,0,0.0
2019,20,perez,15,69288.0,69035.0,,9,interlagos,racing_point,0,10,+1 Lap,1,6,65,0,,44,10.0,0,8.33,10.2,0.0,1.0,-1.87,21.02,46.45,60.29,0,0.0
2019,20,raikkonen,9,69276.0,68858.0,68984.0,4,interlagos,alfa,17,11,+1 Lap,0,8,35,0,1476.0,31,14.0,0,14.0,14.6,0.0,0.67,-0.6,21.02,46.45,60.29,0,0.0
2019,20,ricciardo,12,69086.0,68903.0,,6,interlagos,renault,9,6,Finished,8,5,83,0,,46,9.0,0,11.0,13.2,0.0,1.67,-2.2,21.02,46.45,60.29,0,0.0
2019,20,russell,18,70126.0,,,12,interlagos,williams,18,17,+2 Laps,0,10,1,0,,0,20.0,0,16.33,17.2,0.0,2.0,-0.87,21.02,46.45,60.29,0,0.0
2019,20,sainz,20,,,,3,interlagos,mclaren,7,8,+1 Lap,4,4,121,0,,80,7.0,0,8.67,8.8,0.0,-1.67,-0.13,21.02,46.45,60.29,0,0.0
2019,20,stroll,17,69536.0,,,19,interlagos,racing_point,14,13,+1 Lap,0,6,65,0,,21,15.0,0,11.33,11.6,0.0,2.67,-0.27,21.02,46.45,60.29,0,0.0
2019,20,vettel,2,68556.0,68050.0,67631.0,17,interlagos,ferrari,2,20,Suspension,0,2,479,3,123.0,230,5.0,1,8.0,8.6,0.0,-6.33,-0.6,21.02,46.45,60.29,0,0.0
2019,21,albon,6,96102.0,96718.0,95682.0,6,yas_marina,red_bull,5,14,Finished,0,3,391,3,903.0,84,8.0,0,8.0,6.6,0.0,-2.67,1.4,26.02,29.57,64.47,0,0.0
2019,21,bottas,2,96200.0,95674.0,94973.0,4,yas_marina,mercedes,4,20,Power Unit,0,1,701,14,194.0,314,2.0,4,8.0,5.4,0.0,-4.33,2.6,26.02,29.57,64.47,0,0.0
2019,21,gasly,12,97198.0,97089.0,,18,yas_marina,toro_rosso,6,2,Finished,18,6,83,0,,95,6.0,0,9.0,9.6,0.0,-0.33,-0.6,26.02,29.57,64.47,0,0.0
2019,21,giovinazzi,17,98114.0,,,16,yas_marina,alfa,12,5,Finished,10,8,57,0,,14,17.0,0,11.0,12.4,0.0,3.33,-1.4,26.02,29.57,64.47,0,0.0
2019,21,grosjean,16,98051.0,,,15,yas_marina,haas,7,13,Finished,0,9,28,0,,8,18.0,0,15.0,15.6,2.0,-1.67,-0.6,26.02,29.57,64.47,0,0.0
2019,21,hamilton,1,95851.0,95634.0,94779.0,1,yas_marina,mercedes,3,7,Finished,6,1,701,14,0.0,387,1.0,10,3.33,2.8,0.0,0.33,0.53,26.02,29.57,64.47,0,0.0
2019,21,hulkenberg,10,97506.0,96859.0,96710.0,12,yas_marina,renault,13,15,Finished,0,5,91,0,1931.0,37,13.0,0,11.33,12.8,0.0,0.67,-1.47,26.02,29.57,64.47,0,0.0
2019,21,kevin_magnussen,15,97710.0,97254.0,,14,yas_marina,haas,9,11,Finished,0,9,28,0,,20,16.0,0,14.67,13.6,0.0,-2.0,1.07,26.02,29.57,64.47,0,0.0
2019,21,kubica,20,99236.0,,,19,yas_marina,williams,19,16,+1 Lap,0,10,1,0,,1,19.0,0,17.67,17.2,0.0,1.67,0.47,26.02,29.57,64.47,0,0.0
2019,21,kvyat,14,97683.0,97141.0,,9,yas_marina,toro_rosso,16,10,Finished,1,6,83,0,,35,14.0,0,11.0,11.0,0.0,1.67,0.0,26.02,29.57,64.47,0,0.0
2019,21,leclerc,4,96478.0,95543.0,95219.0,3,yas_marina,ferrari,14,18,Collision,0,2,479,3,440.0,249,4.0,2,8.67,7.0,0.0,-2.33,1.67,26.02,29.57,64.47,0,0.0
2019,21,max_verstappen,3,96390.0,96275.0,95139.0,2,yas_marina,red_bull,1,1,Finished,25,3,391,3,360.0,260,3.0,3,3.33,6.4,0.0,-0.67,-3.07,26.02,29.57,64.47,0,0.0
2019,21,norris,7,97545.0,96764.0,96436.0,8,yas_marina,mclaren,10,8,Finished,4,4,140,0,1657.0,45,11.0,0,11.67,10.8,0.0,-3.0,0.87,26.02,29.57,64.47,0,0.0
2019,21,perez,11,96961.0,97055.0,,7,yas_marina,racing_point,15,9,Finished,2,7,67,0,,46,10.0,0,8.67,8.2,0.0,0.0,0.47,26.02,29.57,64.47,0,0.0
2019,21,raikkonen,18,98383.0,,,13,yas_marina,alfa,8,4,Finished,12,8,57,0,,43,12.0,0,11.33,11.8,0.0,1.67,-0.47,26.02,29.57,64.47,0,0.0
2019,21,ricciardo,8,97106.0,96785.0,96456.0,11,yas_marina,renault,11,6,Finished,8,5,91,0,1677.0,54,9.0,0,6.67,11.6,0.0,4.33,-4.93,26.02,29.57,64.47,0,0.0
2019,21,russell,19,98717.0,,,17,yas_marina,williams,18,12,Finished,0,10,1,0,,0,20.0,0,15.0,15.6,0.0,3.33,-0.6,26.02,29.57,64.47,0,0.0
2019,21,sainz,9,97358.0,96308.0,96459.0,10,yas_marina,mclaren,20,3,Finished,15,4,140,0,1680.0,95,7.0,0,8.0,7.0,0.0,3.33,1.0,26.02,29.57,64.47,0,0.0
2019,21,stroll,13,97528.0,97103.0,,20,yas_marina,racing_point,17,19,Suspension,0,7,67,0,,21,15.0,0,14.67,12.8,0.0,1.0,1.87,26.02,29.57,64.47,0,0.0
2019,21,vettel,5,96963.0,95786.0,95339.0,5,yas_marina,ferrari,2,17,Collision,0,2,479,3,560.0,230,5.0,1,13.0,11.8,0.0,-11.0,1.2,26.02,29.57,64.47,0,0.0
